#{"t_start": 1740625355.854147, "env_id": "None"}
r,l,t
4.447197,31,1.955846
2.809306,68,4.168001
4.009382,74,6.576063
4.963301,5,6.741806
4.881246,13,7.163324
4.018589,45,8.620173
2.720127,102,11.933834
-13.954355,1000,29.715495
-0.080705,104,29.880538
-1.096327,115,30.063386
1.057687,111,30.245407
4.621603,24,30.284716
-22.279197,1000,32.102775
0.404341,244,32.485497
4.830634,15,32.509543
4.83718,14,32.530846
3.75143,80,32.663222
2.778183,61,32.762389
0.369809,95,32.919441
1.808743,74,33.042011
3.655475,48,33.121123
1.47272,86,33.265013
3.932312,33,33.319556
-53.225287,130,33.520132
4.504245,27,33.578119
4.40681,31,33.626691
2.994336,60,33.723224
3.796546,55,33.809801
3.611708,50,33.891487
2.821659,61,33.994202
4.661079,20,34.024854
4.812438,13,34.048331
3.958195,31,34.102247
-51.106696,39,34.167741
4.804499,18,34.214195
4.870174,13,34.236181
4.846688,15,34.262403
3.480604,58,34.358886
3.394005,60,34.54742
2.518588,73,34.671626
3.547864,52,34.761808
4.513502,19,34.7925
-67.79829,357,35.375627
4.354651,36,35.447771
4.244769,42,35.518532
-0.064824,108,35.690148
-44.211424,1000,36.965059
-54.667784,66,37.045249
4.821756,17,37.080975
3.363205,57,37.152607
3.900655,39,37.199291
-1.270985,116,37.337811
1.523941,87,37.527538
2.067563,77,37.662534
0.809596,91,37.776356
-0.357891,113,37.911291
0.645563,101,38.035855
4.355501,32,38.075737
1.352541,86,38.178677
2.027932,82,38.279001
-84.949379,543,38.927952
4.52752,26,38.975668
3.704723,45,39.029063
2.194076,87,39.136232
-53.640186,92,39.248637
3.96508,47,39.3193
4.593005,22,39.346937
-58.41342,1000,40.625847
-55.740171,70,40.711653
3.85582,44,40.778595
-13.577542,1000,41.951488
3.300275,122,42.099255
4.368223,39,42.146338
-0.017997,102,42.285367
-15.383816,1000,43.57176
-1.157714,111,43.710772
1.237823,86,43.822658
0.250687,258,44.13685
4.819139,14,44.155278
3.391043,75,44.289176
0.545058,107,44.418498
-14.161131,1000,45.70873
3.876465,45,45.7662
3.090013,61,45.83989
-1.509396,112,45.976989
-29.392283,1000,47.170014
-0.618695,116,47.307652
-24.488881,1000,48.577637
-0.783073,166,48.775438
-98.693816,869,49.837692
4.670116,24,49.883211
4.683315,26,49.916075
4.625345,24,49.945865
4.41001,37,49.988988
-80.45476,706,50.903324
3.979565,45,50.975807
-12.791302,1000,52.161517
1.553614,83,52.262071
1.380052,85,52.363954
3.386641,58,52.436432
-12.058055,1000,53.697093
-14.988327,1000,54.89951
0.491316,300,55.251288
-50.159144,13,55.267758
4.748746,17,55.30621
3.866576,49,55.443752
4.762803,14,55.461886
-52.142248,58,55.530994
4.90954,10,55.55939
3.135971,58,55.629284
-36.462032,1000,56.833491
-3.594159,174,57.040509
-57.246659,299,57.398237
3.975887,47,57.469402
-19.850551,1000,58.757142
2.619302,85,58.861382
3.717066,46,58.922551
0.598572,94,59.034041
4.522833,51,59.112992
3.798656,45,59.166769
3.473227,76,59.260554
2.658209,49,59.320284
-1.40625,123,59.467818
4.912102,13,59.484122
4.977522,3,59.489081
-1.951877,116,59.632122
-59.458893,1000,60.947612
-55.766908,45,61.005197
4.436912,32,61.064003
-79.354358,721,61.9407
4.876268,13,61.974829
2.989651,71,62.058956
2.018288,88,62.164495
4.883349,12,62.180876
0.079439,107,62.311535
3.283737,60,62.383028
4.339049,32,62.421909
-55.792019,245,62.729313
3.871047,51,62.807026
3.947697,115,62.943464
0.518172,95,63.063343
1.124825,83,63.245106
4.630145,25,63.276311
-25.488898,1000,64.506147
-4.784635,280,64.856705
4.081865,44,64.911114
4.790017,15,64.930703
-0.066455,242,65.22945
4.485955,30,65.26854
3.861248,51,65.333217
4.605253,26,65.366518
4.214143,39,65.413926
3.324805,63,65.493631
4.691692,21,65.52106
1.186828,86,65.624557
1.235804,99,65.744497
3.063425,71,65.924283
-56.742732,290,66.271749
3.570528,60,66.359255
1.88675,80,66.456047
1.327627,91,66.566449
-21.066957,1000,67.762815
1.450352,156,67.952374
4.534941,22,67.993152
4.399448,27,68.040555
2.584652,72,68.131668
4.156143,41,68.182892
1.938892,74,68.273401
-95.485285,817,69.35838
4.450105,29,69.412031
-16.585385,1000,70.635923
-16.165079,1000,71.938793
1.626545,87,72.044421
-39.294587,1000,73.27134
-50.780801,11,73.287221
4.939603,8,73.314031
4.695573,21,73.339991
4.963293,5,73.348196
2.82971,75,73.439116
4.750206,16,73.460812
0.338914,109,73.59587
1.225797,89,73.783243
2.864361,66,73.8632
4.696866,24,73.898005
4.261299,43,73.951218
0.970418,99,74.071906
0.370765,99,74.193894
3.550119,58,74.266508
3.72741,44,74.320406
-52.802053,145,74.500175
4.629752,22,74.544635
4.23814,37,74.591499
3.479886,59,74.664427
4.489196,28,74.69971
4.359166,27,74.73449
3.512421,56,74.805543
4.619321,20,74.831075
-49.525166,1000,76.081022
-50.457522,14,76.098563
3.361425,57,76.185918
3.864124,94,76.381458
4.264125,30,76.422769
2.585947,69,76.511069
3.805051,49,76.571797
-1.57878,498,77.184729
4.697178,23,77.212525
4.29806,37,77.260004
4.930449,9,77.271944
4.820176,16,77.293998
4.20857,39,77.345384
4.756238,17,77.367091
4.601549,23,77.39753
4.862012,13,77.416281
-12.813104,1000,78.676388
1.987695,142,78.852213
4.29174,36,78.896696
3.862037,47,79.034198
4.4395,29,79.071179
-58.933385,1000,80.287926
-58.814056,100,80.415715
3.794993,46,80.487227
4.514199,23,80.51723
4.574045,26,80.550629
-45.825568,1000,81.854494
-58.774096,1000,83.075392
-53.979546,53,83.145296
4.575208,27,83.19517
4.932401,7,83.205716
4.524417,28,83.240918
-70.438377,582,83.953322
4.237112,38,84.016192
2.511006,77,84.109823
4.928066,8,84.120535
-19.693885,1000,85.426748
-75.147698,453,85.97805
2.582966,69,86.079146
2.528984,69,86.164674
4.71257,24,86.195379
3.044061,70,86.28138
1.174044,273,86.613731
-57.928472,287,87.046039
4.228214,36,87.110507
1.2381,103,87.237669
4.473873,27,87.271698
4.654319,26,87.328835
3.817179,44,87.385614
3.969575,43,87.439909
-1.695605,118,87.582962
-0.541234,103,87.712124
3.256516,59,87.785828
4.780971,17,87.806461
-55.60974,200,88.050294
4.666734,24,88.096123
3.237361,63,88.172567
0.166659,101,88.295549
4.730928,20,88.321602
-80.373485,771,89.303519
4.817998,16,89.339727
4.155075,39,89.389488
4.524572,33,89.430685
-18.266144,1000,90.724753
3.603184,55,90.792825
2.793533,90,90.905645
-33.888286,1000,92.20574
-1.837113,148,92.387967
3.593805,51,92.452562
0.450626,127,92.609851
4.302958,37,92.658084
4.025928,50,92.720218
4.842991,13,92.738355
4.541927,32,92.809006
4.888972,11,92.823415
4.437979,36,92.869808
1.992501,79,92.973614
4.225953,45,93.030399
4.118991,45,93.085593
2.211616,159,93.287549
-6.669221,526,93.926075
4.074028,77,94.020835
3.377305,57,94.091073
3.614259,52,94.165321
4.694835,23,94.193469
4.588688,33,94.235943
4.523586,30,94.274364
3.547758,89,94.383167
-0.645481,105,94.516577
4.59035,25,94.548773
-78.342174,475,95.209262
4.050304,45,95.281607
4.924327,9,95.29357
4.745766,17,95.315896
4.866047,10,95.329011
0.318164,337,95.735593
3.408526,113,95.877582
4.412152,36,95.925251
-51.324565,49,95.994902
4.182396,42,96.062114
4.453305,35,96.105093
3.842573,47,96.163367
-82.792647,734,97.063592
4.652365,26,97.112002
2.889759,71,97.199628
-2.132918,129,97.359085
1.734102,89,97.553881
3.28174,58,97.624973
-62.370105,1000,98.84666
-52.634278,20,98.873769
4.46244,29,98.925896
4.79109,20,98.952041
4.593654,28,98.986639
4.012623,47,99.044589
-26.419055,1000,100.719161
-15.245806,1000,101.994859
1.631953,178,102.207838
4.285094,26,102.240807
-71.382177,1000,103.552956
-61.883857,172,103.762964
4.954507,6,103.788998
3.131844,65,103.866044
4.534233,24,103.896343
1.802097,86,103.998422
3.693981,54,104.063403
4.94223,8,104.076507
4.548263,25,104.10637
4.627733,29,104.14182
-74.765558,683,104.957087
3.917017,52,105.037989
3.079878,81,105.135315
4.949675,7,105.145663
3.072279,67,105.226059
-14.155784,1000,106.491364
-11.4429,1000,107.670507
-13.961708,871,108.806417
3.74164,81,108.912644
3.159092,59,108.99033
1.954003,77,109.085931
4.493982,20,109.111966
-0.990234,149,109.291716
2.944933,151,109.476103
3.720786,49,109.539614
3.902666,52,109.60574
4.202711,47,109.667385
4.784069,18,109.690244
4.76586,20,109.716127
4.72686,19,109.74155
4.523792,24,109.775898
4.794874,17,109.799886
3.460549,60,109.874833
4.727524,23,109.904613
4.89316,12,109.921729
4.73742,24,109.954664
2.983818,70,110.041557
3.470353,52,110.109914
4.814531,18,110.13481
4.148957,45,110.19327
4.408265,24,110.224877
-73.993808,690,111.19855
2.191605,77,111.315349
3.493302,50,111.377388
-1.7263,189,111.652514
3.080364,73,111.743097
4.272542,37,111.788545
-35.011066,1000,113.055431
-46.246298,1000,114.384769
-0.255178,90,114.490836
1.802266,81,114.59518
-0.965718,112,114.736613
4.755763,18,114.759121
-0.772746,131,114.928885
0.607569,88,115.039345
-58.272425,284,115.386551
3.730809,54,115.467764
4.301678,26,115.498415
2.202575,74,115.601487
4.697733,23,115.631383
4.952525,7,115.643906
-79.144999,663,116.560268
2.336022,74,116.667904
4.097006,40,116.718334
-62.399885,1000,117.965952
-48.636029,1000,119.338757
-65.836724,1000,120.573428
-57.654353,113,120.713091
4.562366,29,120.765014
4.841112,13,120.782846
-19.920012,1000,122.085124
-77.349887,530,122.737357
2.296886,69,122.836102
-0.010223,105,122.967747
-10.71826,1000,124.259834
-1.076084,637,125.063886
2.499326,92,125.18191
3.268288,55,125.253666
4.014132,47,125.313478
-57.535285,1000,126.542563
-11.69946,366,127.07444
-1.841039,112,127.213207
2.788642,55,127.287281
0.698164,125,127.439533
-0.23861,112,127.578461
3.321103,47,127.636192
1.477746,109,127.803616
3.587076,121,127.955005
4.247399,35,127.999332
1.531527,125,128.155455
-12.473903,1000,129.483409
-2.226845,236,129.781851
2.277608,72,129.8714
4.13388,44,129.926815
4.207121,55,129.995062
-51.977897,71,130.090893
4.935823,8,130.118352
4.654465,26,130.152463
1.026852,94,130.267558
-37.751561,1000,131.564111
-51.644059,34,131.609586
3.623721,54,131.692425
-14.546799,1000,133.041036
2.196932,83,133.149069
2.602253,88,133.261827
1.607925,86,133.369728
2.116832,79,133.4714
4.210216,39,133.52358
-12.568638,1000,134.847563
2.336389,70,134.937074
1.81446,87,135.044851
-0.066886,101,135.173064
3.190295,79,135.279366
1.140045,85,135.392846
-18.048017,1000,136.684716
-22.584701,1000,137.953565
-0.417704,108,138.080401
-84.610375,797,139.077269
3.934165,47,139.150675
2.617743,72,139.244923
2.715249,72,139.337941
1.79366,84,139.444543
4.802211,16,139.468117
2.380927,76,139.563305
-10.276944,1000,140.822485
4.777191,17,140.842299
4.666993,17,140.862762
0.265531,189,141.093089
1.024426,99,141.209163
-19.18389,1000,142.341418
-0.718206,108,142.464249
-0.236211,84,142.635427
-9.58548,619,143.33636
4.246214,38,143.38804
-0.635776,149,143.616014
3.121241,101,143.730574
4.559106,30,143.765272
1.670464,104,143.881229
4.907264,11,143.897038
4.838253,13,143.913055
4.538795,30,143.947415
4.89165,11,143.961225
4.386428,38,144.005939
-12.58716,1000,145.26257
-0.074649,104,145.384109
-18.531381,1000,146.517652
-28.360462,1000,147.758605
0.05756,98,147.870043
-12.518663,894,148.881748
2.450429,168,149.073568
3.111283,68,149.14979
-0.24091,157,149.329392
-67.891837,560,150.042581
4.849463,15,150.076093
4.594502,30,150.111311
4.26471,35,150.152456
2.950089,74,150.237149
2.940414,66,150.312969
3.951902,54,150.379597
3.446992,57,150.444339
0.249828,103,150.561799
-43.536393,1000,151.753767
-51.172937,31,151.790511
2.482968,67,151.88169
4.926871,5,151.888717
-60.409946,1000,153.10797
-53.386335,36,153.150664
3.448409,65,153.256151
-24.947474,1000,154.476915
-7.939917,620,155.269249
-16.590366,1000,156.399768
2.056087,143,156.561972
4.430346,33,156.599875
4.127158,38,156.643317
4.199365,30,156.677958
-1.129664,113,156.81079
-27.119173,1000,158.031268
-73.73894,485,158.576508
1.9646,85,158.733788
-3.948829,207,158.969004
1.688499,86,159.065367
4.713699,19,159.088022
3.205149,61,159.156978
-8.507814,687,160.034981
1.476554,78,160.12462
-13.893873,1000,161.277147
-2.42853,505,161.852916
4.689879,17,161.873143
0.051102,157,162.054245
2.756514,65,162.129479
4.27827,38,162.175018
4.07714,40,162.303556
2.109975,77,162.392335
1.41004,89,162.495466
3.604042,57,162.562209
-52.970927,1000,163.88661
-75.313808,355,164.286822
4.191055,40,164.348225
-19.657122,1000,165.659523
1.451526,84,165.751804
-12.901478,1000,166.94899
3.683256,48,167.008702
2.499546,155,167.204662
-24.856474,1000,168.562513
1.372853,207,168.816871
-4.632496,330,169.227663
4.079865,42,169.280422
-37.17005,1000,170.615124
-67.734418,241,170.918704
3.447897,62,171.01833
2.392687,74,171.118428
3.936325,42,171.174804
-0.643675,118,171.330447
3.587834,96,171.459579
4.070406,46,171.520261
3.257382,149,171.710272
-21.088885,1000,173.054613
0.066645,235,173.345006
1.467164,210,173.604339
3.743265,46,173.665628
3.526429,49,173.727242
3.170042,60,173.800745
0.718864,213,174.078089
3.407849,53,174.148683
-69.212722,468,174.900979
4.448078,29,174.976867
2.020135,86,175.142112
4.74471,12,175.165787
4.837454,8,175.181042
-1.334079,116,175.417038
4.585325,55,175.532947
4.696311,27,175.586643
-0.18551,112,175.820979
0.067089,103,176.025292
-51.420599,1000,178.154312
-1.245942,240,178.673578
4.732507,21,178.714928
4.803035,19,178.753095
1.358404,88,178.888807
4.670732,21,178.915001
3.944184,49,178.974591
4.344638,41,179.039737
2.432821,76,179.195454
3.447787,76,179.343967
3.992608,38,179.420077
3.597018,62,179.547141
4.703109,21,179.590027
2.939677,76,179.740391
3.27687,59,179.857986
3.042193,102,180.059886
4.323765,40,180.141919
1.972763,77,180.395491
1.862115,79,180.550409
3.492733,66,180.680707
3.876881,54,180.789176
2.102039,75,180.934377
3.793348,91,181.119377
-12.145256,1000,183.088528
-3.363077,869,184.93454
4.745589,22,184.986443
4.174436,38,185.06374
0.532108,92,185.245973
2.839809,84,185.401045
3.782239,61,185.560983
-1.497972,122,185.789499
4.969849,4,185.797697
-0.311467,234,186.248879
1.832611,71,186.384823
-13.4648,1000,188.308517
3.138822,61,188.426069
2.459325,70,188.654769
4.226135,41,188.732945
4.151516,39,188.807611
4.962245,4,188.815904
3.247093,67,188.94498
4.593888,30,189.005234
4.682331,20,189.044925
4.654645,27,189.09756
4.936763,9,189.115536
-45.597401,1000,191.017421
-0.530716,172,191.361396
4.802977,15,191.390899
4.845874,16,191.42267
0.849132,90,191.602795
2.971558,60,191.750458
2.71468,94,191.979644
3.068936,107,192.244189
3.479323,109,192.466158
4.774973,20,192.509847
4.45635,26,192.569794
4.59485,24,192.617866
3.030832,60,192.840812
-68.966629,751,194.394568
4.146299,42,194.492394
4.328051,42,194.573734
4.860146,14,194.601677
-10.255581,1000,196.513932
2.076423,93,196.704622
4.802297,15,196.735545
1.70705,227,197.271368
4.736018,20,197.309823
3.442891,61,197.428925
3.803579,62,197.553335
2.282544,74,197.697534
4.398174,26,197.750815
2.923216,60,197.867071
3.615198,58,197.979492
-15.954631,1000,199.867836
2.761035,65,199.991632
-15.135556,890,201.779683
-2.041816,196,202.146204
-74.656263,774,203.626736
4.083713,43,203.723586
3.92374,54,203.827576
-1.496591,434,204.653265
3.458496,60,204.769827
2.805832,71,205.004745
3.548977,80,205.160339
4.431694,29,205.216014
3.679544,50,205.310763
2.254351,79,205.461403
0.266733,100,205.650969
4.131182,46,205.738995
3.865561,50,205.833122
-10.399143,1000,207.724138
3.255961,55,207.827846
4.335987,36,207.897437
2.85779,66,208.021669
-16.699625,1000,209.967274
3.818097,45,210.05214
1.528674,262,210.542674
-16.074239,1000,212.428158
4.958019,4,212.436206
-13.712079,1000,214.407207
1.967319,82,214.564195
-5.759866,480,215.434571
4.146607,42,215.513207
2.831754,116,215.707728
1.10534,146,215.98509
1.932238,146,216.258086
4.318601,37,216.332558
3.289348,59,216.443934
1.936158,82,216.599952
2.698505,158,216.994095
3.223614,59,217.10589
1.792731,87,217.274098
3.9083,45,217.35958
4.24404,38,217.431815
4.688196,30,217.491688
-0.018641,101,217.681695
4.362174,28,217.73443
-16.008253,1000,219.574479
0.601374,95,219.754554
3.674362,53,219.853723
4.327786,35,219.921989
4.713393,28,219.975292
3.442674,62,220.090994
-4.349819,557,221.247728
4.467476,33,221.310843
0.835594,96,221.493388
4.731624,23,221.53683
4.764254,19,221.582719
3.559488,57,221.694263
4.88393,13,221.721907
3.854321,136,221.9792
3.53782,53,222.084164
3.884236,54,222.186425
-27.596169,1000,224.0247
-52.05582,23,224.065627
3.795827,46,224.159056
3.052643,149,224.439704
3.898683,48,224.530885
4.615157,30,224.689305
3.375967,57,224.796459
3.539344,82,224.950902
3.223273,60,225.070172
1.616464,88,225.235613
4.553222,30,225.295095
3.369097,79,225.442531
2.628121,86,225.606916
-30.507417,1000,227.470562
-21.040684,1000,229.453793
-18.941981,1000,231.313843
1.486842,78,231.464152
4.526784,20,231.503162
0.077928,155,231.795318
4.854302,9,231.813905
1.83191,82,231.967457
-5.719543,489,232.988512
-2.958323,230,233.425418
-0.644164,106,233.626222
3.278822,63,233.743549
-20.192108,1000,235.588392
2.247269,79,235.73631
4.07688,98,235.923679
4.4706,38,235.995676
-23.98403,1000,238.009485
-12.735489,1000,239.89052
0.642581,88,240.056165
1.713158,147,240.326263
-1.459376,859,242.037989
4.439904,25,242.120617
4.464846,33,242.172327
4.237752,40,242.251842
2.015476,213,242.668778
-3.365763,191,243.032849
4.188192,33,243.096367
4.612228,28,243.15236
4.827278,14,243.182691
3.645796,60,243.331624
-17.00155,1000,245.366059
-12.604028,1000,247.307768
2.814154,67,247.44156
3.052377,71,247.573971
4.447929,28,247.628363
2.57178,73,247.774798
2.936864,86,247.942848
2.763833,71,248.08523
-0.542221,104,248.288574
4.996111,1,248.291582
3.615882,49,248.390597
2.066617,180,248.855252
4.222824,36,248.927954
-52.175406,63,249.052654
4.532392,34,249.134097
3.570267,86,249.300554
1.073907,90,249.483077
1.411116,87,249.652267
4.861386,11,249.677561
4.475857,33,249.78272
-17.759618,1000,251.718245
3.574082,53,251.819387
1.313876,115,252.043846
-1.202645,115,252.256744
4.202718,39,252.332847
2.296173,77,252.484696
2.929867,121,252.838887
2.487141,78,252.992403
-0.486684,123,253.230972
4.3764,35,253.30291
2.526285,62,253.424493
3.072126,124,253.666937
4.625545,42,253.749888
-1.470579,478,254.687012
4.658771,21,254.729246
-0.726996,212,255.146517
0.748064,91,255.325256
-0.056698,99,255.51942
2.503683,71,255.657533
4.069004,40,255.737516
2.916768,89,255.911191
4.721199,17,255.945738
4.164465,47,256.040865
4.75206,20,256.081527
4.486632,31,256.143472
0.535083,98,256.338691
3.376607,59,256.455264
4.371203,36,256.526932
4.78251,29,256.584329
4.424111,42,256.667695
2.309793,81,256.924284
4.426716,32,256.988197
4.113781,71,257.126937
4.828793,16,257.15993
-5.400731,698,258.488277
-1.452127,162,258.803723
-2.746282,358,259.497147
1.734504,166,259.817358
4.228695,31,259.875912
2.795129,90,260.055087
4.872335,12,260.079505
4.716077,24,260.127186
4.171855,42,260.210019
4.377633,38,260.286575
4.427292,36,260.357591
-16.009391,1000,262.354944
2.535181,146,262.638758
1.45217,102,262.837624
0.554669,161,263.152286
4.715911,22,263.19526
-12.475224,938,265.111146
4.211981,37,265.182861
3.951973,41,265.263587
2.903718,123,265.519631
-12.714335,1000,267.429508
3.315514,64,267.59185
-3.982838,642,268.821584
-0.422246,107,269.124384
2.621356,128,269.367205
3.644158,61,269.475019
4.462733,33,269.538645
4.002332,46,269.629394
2.943899,62,269.74937
4.416085,32,269.811555
2.351526,184,270.170386
-1.673386,600,271.313264
2.940796,69,271.446379
4.365802,33,271.503581
3.396344,120,271.725578
4.848756,15,271.755837
4.446473,40,271.832051
4.482946,30,271.889169
3.571146,51,271.989319
4.032452,35,272.059045
-1.373592,125,272.297518
1.433065,97,272.481782
2.654123,71,272.617934
4.647139,49,272.711736
4.446877,37,272.782972
2.837328,75,272.930231
1.110012,100,273.212891
4.626827,32,273.27556
4.997402,1,273.278273
1.792173,102,273.473171
3.68808,50,273.569109
4.211588,45,273.65624
4.304367,26,273.70718
2.159727,88,273.875879
-1.04693,206,274.279896
1.936465,76,274.42839
2.990716,70,274.561695
3.498067,64,274.68845
4.56689,30,274.747192
4.736725,23,274.793063
3.439682,58,274.906854
4.889445,11,274.930217
3.575435,57,275.077209
-2.087434,139,275.345939
2.782472,68,275.477182
3.416161,63,275.601825
-33.984141,1000,277.592515
1.874218,68,277.724533
4.755842,19,277.765571
-2.6135,139,278.03056
0.467188,101,278.225129
3.891296,53,278.328239
3.927953,49,278.424031
4.389789,41,278.50405
4.853026,16,278.539654
1.404675,92,278.735797
2.1232,77,278.883474
4.627481,35,278.952233
0.298457,235,279.404202
0.476929,144,279.684138
-2.691025,774,281.251114
0.39449,95,281.430677
-19.372822,1000,283.323882
2.202411,87,283.492205
4.259288,39,283.584702
3.782249,91,283.753839
3.08684,62,283.869231
3.818832,53,283.970712
1.949862,79,284.125084
-17.891709,1000,286.11739
-3.107479,145,286.395525
1.64008,109,286.603051
2.266415,95,286.754344
3.957166,49,286.848869
3.361321,67,286.974303
2.462363,76,287.135199
4.722898,23,287.179786
3.474675,64,287.303794
4.840222,15,287.333576
1.859812,72,287.472466
3.527164,49,287.561674
2.604373,80,287.713998
4.701876,25,287.797463
2.727037,106,288.001685
3.954876,38,288.076804
2.831438,93,288.255608
3.590408,94,288.436732
2.844478,68,288.568751
-5.46932,489,289.616406
3.863926,59,289.727389
3.561319,57,289.834687
3.762158,64,289.986486
4.594727,25,290.044449
1.069632,269,290.563837
4.278774,38,290.637735
4.886113,11,290.659708
4.591738,27,290.711958
0.146333,105,290.917233
4.644554,23,290.962192
4.619059,25,291.011199
3.938602,54,291.124861
-14.510011,1000,292.989272
-10.89256,1000,295.032841
-8.759596,1000,296.957859
3.640945,51,297.028121
4.550252,27,297.07967
3.940331,44,297.163915
4.925652,8,297.180391
4.510826,33,297.368377
3.781474,53,297.47466
3.42083,60,297.590669
4.45578,33,297.654578
4.878155,13,297.681769
4.401589,35,297.753918
4.717964,18,297.790417
3.394447,56,297.898163
4.007872,44,297.983044
3.771164,58,298.097355
3.933619,92,298.273964
4.890621,9,298.294095
3.992269,42,298.375196
2.211367,79,298.532518
3.124067,112,298.749481
1.289852,90,298.923505
2.106354,77,299.072393
4.556906,35,299.141995
4.426271,34,299.20933
4.225894,44,299.294298
3.622921,63,299.416685
4.541712,35,299.485943
1.565145,86,299.654667
0.986161,112,299.873902
2.56042,70,300.010008
3.834802,44,300.100358
1.31923,88,300.279663
4.438676,38,300.353931
1.2356,90,300.529993
4.378699,39,300.607722
2.821173,64,300.735615
4.186228,30,300.794378
3.694206,51,300.892938
4.656446,16,300.927091
-3.135535,652,302.281851
4.575484,32,302.344404
3.206292,63,302.440373
1.63372,295,303.009329
4.522446,29,303.065665
2.223628,73,303.207756
-51.059524,34,303.276121
3.762067,46,303.382547
-0.275186,110,303.600848
2.406357,124,303.83974
4.410435,40,303.91966
4.775264,20,303.959618
4.803093,17,303.994833
4.843491,14,304.023302
4.438747,49,304.117563
4.712872,25,304.166561
2.428082,75,304.315384
-31.12246,1000,306.317317
-3.497377,181,306.655587
0.588796,90,306.830907
-25.681947,1000,308.716753
-28.370558,1000,310.736463
-51.602889,46,310.82932
2.970656,68,310.98258
3.448371,63,311.103861
2.529286,82,311.264226
2.375101,72,311.404861
4.984431,3,311.412323
1.446056,85,311.576867
4.691893,23,311.610438
-14.660605,1000,313.668491
2.19712,79,313.822446
4.665919,34,313.889854
4.291966,35,313.96052
-1.52564,565,315.055678
4.716264,24,315.105782
4.783153,18,315.14255
4.807097,16,315.174361
-0.642409,113,315.392839
1.326462,98,315.583489
3.94503,57,315.693061
2.640232,71,315.833853
2.10217,77,315.984548
2.01701,81,316.144626
2.424875,75,316.289543
1.30587,86,316.459104
1.10793,87,316.631226
4.566223,23,316.678228
1.067919,94,316.862126
0.025485,108,317.077004
-3.476555,143,317.356565
1.287612,93,317.537593
4.116838,46,317.720521
3.330399,65,317.848097
3.290035,63,317.97117
0.737122,97,318.161858
1.543836,92,318.340622
1.171648,101,318.537761
2.479283,131,318.794312
3.427126,60,318.911801
3.277853,76,319.058882
4.266356,38,319.146075
3.824049,45,319.233317
0.486888,100,319.428779
4.338304,49,319.525768
-13.266683,1000,321.455337
4.795817,14,321.487485
1.099154,91,321.66106
2.536237,74,321.899843
3.815041,85,322.066716
3.842289,48,322.163398
4.707794,20,322.203588
4.359513,36,322.274442
-13.414456,1000,324.187304
3.735173,48,324.28169
3.672459,51,324.375289
2.781443,76,324.527282
4.286713,31,324.58889
3.862371,45,324.677022
4.548065,45,324.765839
4.493077,29,324.824979
4.301188,33,324.889504
3.853237,52,324.991074
-28.738629,1000,327.008061
3.203372,52,327.108415
2.110684,166,327.427349
3.492564,59,327.543811
4.286899,41,327.623784
4.811746,22,327.66719
4.5264,27,327.719115
4.525824,30,327.776622
1.784213,93,327.945367
3.577176,60,328.059871
2.988204,109,328.272849
4.946953,6,328.286391
-1.655842,121,328.518411
3.293742,56,328.625461
3.95091,49,328.721424
4.110047,39,328.794829
4.053993,43,328.877456
4.70219,18,328.91232
2.174471,86,329.081692
3.805815,56,329.203668
4.62178,26,329.264544
4.639401,25,329.316664
2.386853,107,329.521909
1.34626,93,329.697625
2.944471,90,329.998156
4.404231,32,330.060097
3.857211,49,330.153389
2.402224,66,330.281763
1.834544,124,330.514186
2.389242,81,330.670371
3.276607,77,330.814862
3.221482,94,330.995559
4.556402,22,331.038525
-0.375475,222,331.471141
1.949039,81,331.627884
4.503095,46,331.716269
3.358912,69,331.851975
4.395169,27,331.905967
2.540519,90,332.081188
2.843676,129,332.326645
-2.316176,126,332.564527
2.690379,141,332.8339
3.132976,61,332.951943
3.858913,48,333.053972
3.581842,58,333.164469
2.944587,65,333.292069
4.494028,28,333.347456
4.215715,34,333.414255
2.013811,247,334.019305
3.066955,63,334.141894
4.134724,56,334.249465
4.506912,28,334.304512
2.034142,159,334.60834
-28.194253,1000,336.49472
0.123515,222,336.915107
0.884564,275,337.431899
3.115263,61,337.543308
3.378775,55,337.648279
1.824878,78,337.799128
4.412145,30,337.855935
4.905929,7,337.871939
4.877835,11,337.989239
4.740928,19,338.026946
4.280434,38,338.100241
2.731607,74,338.238246
2.1122,79,338.383318
4.987179,2,338.387943
3.723033,79,338.536451
3.332909,60,338.652006
3.894019,62,338.763327
2.80609,102,338.957231
-24.980955,1000,340.841192
2.069076,88,341.008232
3.775527,72,341.148272
4.080806,33,341.212851
1.329554,138,341.478266
3.249696,120,341.710134
3.914446,44,341.795444
4.074124,48,341.99416
4.651257,22,342.036556
4.258228,39,342.110737
4.837127,13,342.13612
4.413453,43,342.216581
-0.259592,355,342.884677
3.087816,61,342.999018
4.108066,44,343.083427
3.124599,64,343.206463
2.855967,84,343.35917
3.082531,60,343.473222
4.240176,41,343.559623
4.905003,8,343.577593
-23.881561,1000,345.454283
-16.997847,1000,347.428834
1.455164,322,348.042103
2.953303,71,348.176263
2.121988,95,348.356573
4.26086,37,348.427976
3.836761,96,348.607858
4.807545,16,348.641377
4.657926,21,348.682702
3.883734,44,348.764941
4.936351,8,348.780848
3.726474,84,348.910031
3.877289,49,349.005859
4.457807,35,349.07406
4.588497,33,349.136555
2.38365,71,349.274542
2.367798,139,349.547691
3.935427,39,349.621284
0.912563,94,349.885826
-0.660265,110,350.132583
4.517894,32,350.19634
4.578105,21,350.23818
-18.038488,1000,352.152167
-52.652673,69,352.285665
4.665122,20,352.339899
4.751626,20,352.378998
1.770355,89,352.546386
1.956101,71,352.683089
3.683855,48,352.773862
1.457586,88,352.943425
-52.245067,57,353.050087
4.717517,22,353.107553
4.07644,42,353.187413
2.793583,146,353.471156
3.304077,60,353.584072
3.650236,54,353.686698
1.913325,87,353.853861
4.217041,49,354.060241
3.663949,53,354.160871
4.482449,28,354.214073
4.817026,18,354.251709
2.195958,140,354.541221
-0.347173,112,354.753806
1.826696,132,355.00682
3.605231,51,355.105084
-0.315442,98,355.297337
-24.620082,1000,357.203828
-30.343262,1000,359.210567
3.248992,70,359.343939
4.501649,31,359.40176
3.13224,70,359.536279
4.254369,38,359.603227
4.287685,39,359.685298
4.634075,23,359.727657
4.382808,33,359.791
2.758762,68,359.919815
4.712855,22,359.961471
1.649181,88,360.140098
-29.950239,1000,362.130665
-58.484232,379,362.837529
3.984764,45,362.939236
1.657095,83,363.099566
3.879507,45,363.193646
0.589593,101,363.387906
2.164139,74,363.506926
2.68937,67,363.633534
4.039273,45,363.721158
4.700405,17,363.750748
4.855496,11,363.774676
4.366616,32,363.838909
0.222903,181,364.171458
3.763561,66,364.295663
2.672036,76,364.441186
4.143456,44,364.52468
4.656476,23,364.56944
4.128652,45,364.658233
3.278501,91,364.830423
4.365067,27,364.884014
4.420149,29,364.941103
3.83391,81,365.096237
4.298596,46,365.18521
3.215571,83,365.369507
-0.525758,229,365.915898
3.322646,59,366.059766
4.58764,24,366.219602
1.919011,79,366.410493
4.483141,40,366.503677
1.398013,91,366.74711
4.919076,7,366.765914
-2.020975,123,367.074026
1.549869,105,367.340413
4.153582,39,367.441387
3.894347,50,367.563978
3.244623,63,367.722982
-14.371889,1000,370.208692
-2.861551,128,370.521422
3.39839,59,370.663902
4.222387,39,370.756815
1.162554,91,370.974412
4.473125,26,371.037275
4.930602,7,371.057116
0.311282,107,371.418596
4.672132,31,371.495145
4.260015,41,371.59586
3.188766,62,371.758318
1.609641,84,371.966707
2.025642,80,372.157836
2.130754,80,372.349863
4.360422,43,372.455048
4.381282,33,372.534782
3.054748,63,372.690132
0.941825,112,372.963449
4.278296,38,373.057312
4.947794,5,373.071795
4.23336,39,373.164281
3.447888,59,373.309698
-1.037148,324,374.09196
2.728496,68,374.259471
1.524635,138,374.529622
2.576032,97,374.719999
0.936393,130,374.99289
4.820474,10,375.014684
4.823728,10,375.034717
4.066711,40,375.113091
2.719249,82,375.27687
4.457003,27,375.332331
2.202532,75,375.475765
4.825021,20,375.515532
4.343497,35,375.588873
-41.906005,1000,377.647137
-12.167886,304,378.236184
-1.150123,369,378.944001
-1.738078,155,379.240832
0.458577,95,379.419718
1.337012,87,379.583866
3.662514,48,379.675142
3.070349,58,379.784463
-1.465933,124,380.117101
2.866614,97,380.397468
4.279188,41,380.475259
3.648383,56,380.584447
3.758251,37,380.656877
-18.949173,1000,382.58246
-26.845398,1000,384.619935
-35.878731,1000,386.547793
-21.313808,1000,388.792169
-22.7397,1000,391.300477
-22.754261,1000,393.950238
-50.633987,18,393.995704
3.708183,51,394.141962
4.105627,58,394.284458
3.446955,57,394.423301
0.264168,241,394.985631
4.54104,31,395.063377
4.085166,45,395.172081
2.072239,82,395.369241
-1.563205,129,395.669733
2.559458,66,395.832314
4.373001,33,395.916332
3.900077,44,396.024365
3.243363,60,396.173209
-2.339558,147,396.53326
3.206159,66,396.685534
4.351894,35,396.769816
3.615013,75,396.947608
4.767541,19,396.994065
4.363413,54,397.122818
3.150936,72,397.292218
4.433732,33,397.368637
4.313378,34,397.450497
4.566634,26,397.522074
4.790166,19,397.566854
4.785056,17,397.606863
4.606146,27,397.671037
2.593952,79,397.86035
-0.084656,112,398.126966
3.828375,36,398.216888
4.584795,25,398.278518
3.890251,51,398.398697
3.79156,49,398.518721
1.660905,83,398.824312
2.752954,62,398.968103
2.860382,66,399.1257
-0.27374,110,399.377383
3.854543,58,399.514145
4.448819,32,399.595195
4.842217,17,399.637121
4.605926,33,399.714339
3.347325,51,399.837158
2.597309,73,400.011023
3.871893,53,400.133775
1.876916,78,400.314461
4.859403,14,400.350613
3.367777,71,400.512982
4.721955,19,400.5578
4.066064,37,400.647682
-22.504477,1000,402.977374
-10.392157,287,403.79605
-1.429312,130,404.101653
2.364036,72,404.282381
4.818682,17,404.326076
4.96236,5,404.33933
4.798827,20,404.390208
4.980369,3,404.402808
2.410492,77,404.585324
2.745727,63,404.740621
-55.285657,134,405.100255
2.931542,64,405.264042
-20.631799,1000,407.658957
-0.99157,258,408.256651
2.208353,92,408.486636
3.28346,58,408.630162
4.713884,28,408.698877
-25.161479,1000,411.238072
0.352943,289,411.937108
1.977771,73,412.109904
4.4393,32,412.190195
3.454527,68,412.344234
-12.72284,989,415.053468
2.479881,72,415.218866
4.652546,26,415.284027
4.215203,43,415.423862
4.782347,15,415.492399
4.733805,20,415.556405
-2.716075,443,416.697496
2.065896,86,416.905395
3.105271,73,417.074379
1.986604,79,417.262067
3.224807,64,417.421748
2.436849,91,417.641778
4.810205,17,417.682449
-0.09158,152,418.050305
4.84255,17,418.119694
4.650656,22,418.175388
2.615413,74,418.359459
4.660301,23,418.412646
3.39621,63,418.567993
4.007226,53,418.685962
3.21969,105,418.920554
-0.658736,350,419.833295
-1.338054,118,420.105875
4.751596,16,420.141891
1.754853,88,420.333492
4.385735,43,420.432885
2.489426,75,420.595557
4.809899,13,420.627471
-0.243216,213,421.103427
-0.45318,111,421.35465
4.204922,46,421.457553
3.253335,77,421.628437
3.566401,65,421.769865
3.619992,79,421.947682
0.670803,96,422.160012
-0.654989,190,422.583666
3.119198,105,422.82683
1.207707,111,423.075476
1.41675,92,423.283591
2.861413,66,423.437295
4.528914,25,423.49863
4.333798,38,423.586076
3.946709,42,423.680756
1.599743,81,423.862527
4.661008,26,424.019472
4.92763,6,424.034354
1.031098,93,424.236184
4.596147,26,424.29449
4.28757,36,424.377394
4.851776,14,424.456907
4.292549,39,424.554654
3.511889,60,424.694029
4.388992,34,424.780772
4.912944,10,424.804694
4.782309,18,424.85277
4.907569,11,424.880604
2.600088,70,425.052968
0.260367,101,425.307504
2.900614,69,425.445586
4.472662,30,425.517941
4.271681,39,425.609819
4.606961,27,425.687884
4.834881,15,425.728159
2.550735,73,425.89278
3.651022,57,426.022106
2.225764,112,426.267647
-16.853481,1000,428.582395
-20.211959,1000,431.092376
-24.620784,1000,433.48808
-60.212744,234,434.140089
2.151148,78,434.33656
4.323234,34,434.416371
2.221341,91,434.633018
3.744609,46,434.754344
1.327183,161,435.117844
2.594289,85,435.320328
1.29194,91,435.544213
4.307708,25,435.60229
-0.746092,118,435.886184
-3.504038,286,436.562917
2.929497,77,436.743962
4.252114,69,436.914007
3.925069,59,437.057168
3.616494,72,437.238022
4.811499,16,437.278228
3.909534,52,437.400924
4.351131,30,437.472742
-3.479859,211,437.987466
2.889628,67,438.148849
4.432983,30,438.220735
