#{"t_start": 1739527684.8269587, "env_id": "None"}
r,l,t
-399.59649,109,8.394763
-227.025688,12,8.617835
-217.180384,13,8.864865
-204.841814,3,8.931935
-213.80567,9,9.108085
-208.290018,4,9.192157
-230.97173,14,9.461095
-233.924308,23,9.900726
-462.42006,146,12.667641
-210.827415,6,12.769409
-206.23144,4,12.839517
-324.792496,81,14.143408
-237.977836,27,14.57817
-214.081681,12,14.796198
-212.158981,11,14.995825
-205.263887,8,15.132356
-341.126017,86,16.520974
-219.359483,11,16.709157
-236.579991,31,17.230547
-324.872445,97,18.88002
-259.785795,32,19.423395
-208.62325,5,19.514447
-207.754829,6,19.620853
-212.929209,8,19.754854
-206.096608,3,19.812
-212.86413,7,19.925442
-226.256462,13,20.131024
-214.061719,8,20.262416
-216.662782,8,20.396464
-211.936927,6,20.495206
-204.874271,3,20.552237
-203.275013,4,20.627513
-228.164789,15,20.877848
-204.796807,3,20.935197
-209.278894,8,21.073813
-271.890349,47,21.855889
-220.483681,13,22.069887
-215.603982,9,22.274123
-211.557882,6,22.382406
-233.909067,28,22.850783
-209.992473,7,22.979161
-224.384331,19,23.279359
-211.063505,10,23.452197
-206.128873,3,23.512082
-220.42067,16,23.77102
-235.458331,19,24.089982
-221.016845,14,24.319947
-253.120889,30,24.870694
-219.65084,10,25.04603
-222.161355,12,25.241158
-204.891882,3,25.295568
-328.398969,74,26.47915
-232.611442,19,26.786888
-209.224379,7,26.988081
-232.577382,17,27.337937
-222.967529,21,27.691801
-238.70305,42,28.378421
-207.156821,6,28.477973
-205.38948,3,28.534741
-210.252554,8,28.664905
-209.802143,7,28.786391
-219.038896,22,29.137025
-214.01628,11,29.325789
-218.800858,13,29.53232
-248.717773,44,30.262565
-209.237707,6,30.368939
-214.704241,11,30.554703
-232.21742,18,30.853101
-217.027445,11,31.047583
-247.761502,23,31.427569
-212.739939,9,31.580942
-206.954587,4,31.646945
-228.925529,28,32.104903
-208.240867,6,32.206586
-213.877645,8,32.384696
-211.833768,18,32.679909
-212.477101,7,32.802199
-223.320296,22,33.162291
-215.381839,9,33.322394
-209.21965,8,33.46275
-207.589852,5,33.549436
-306.733781,55,34.417975
-208.306951,13,34.635554
-217.403043,13,34.841105
-205.217495,4,34.912665
-229.387692,15,35.151197
-213.390691,10,35.316694
-205.383053,5,35.403766
-242.079067,24,35.816593
-210.309102,7,35.930783
-211.331432,6,36.03
-210.22506,10,36.191785
-250.123038,24,36.625267
-205.245771,5,36.712778
-205.616474,5,36.797029
-225.452053,33,37.334908
-216.106399,14,37.563171
-216.286971,8,37.693446
-215.378629,11,37.89009
-207.908735,9,38.042749
-251.304461,44,38.816384
-228.818993,21,39.163527
-252.134574,27,39.60427
-203.459526,3,39.662854
-231.166098,16,39.934732
-221.394784,14,40.173321
-213.787544,7,40.295083
-207.789182,4,40.373167
-206.236322,6,40.48443
-212.620428,9,40.635629
-310.715906,57,41.574613
-212.012133,7,41.936269
-205.682035,4,42.009988
-231.4762,23,42.397785
-229.151594,29,42.877561
-299.636225,59,43.826661
-291.409023,65,44.86149
-297.589725,55,45.754683
-340.377632,86,47.108339
-214.089424,12,47.304309
-267.892445,61,48.298479
-207.629538,7,48.417499
-219.872738,14,48.65515
-227.085349,14,48.892424
-553.102589,198,52.162032
-204.155498,4,52.241831
-271.90917,56,53.171902
-212.063202,11,53.373758
-219.695739,11,53.547989
-249.322436,29,54.037317
-209.236817,5,54.120718
-287.672973,58,55.09672
-240.504279,42,55.830303
-291.561905,52,56.716813
-234.710869,23,57.089146
-229.316491,18,57.404383
-213.755085,13,57.644751
-215.282323,9,57.832648
-329.993604,80,59.141944
-292.950506,76,60.448257
-203.304452,3,60.502879
-220.037911,13,60.722648
-208.358872,6,60.849272
-238.721286,42,61.574916
-239.843171,37,62.199476
-239.839925,22,62.580998
-256.221635,39,63.241513
-207.165576,4,63.311923
-306.949062,89,64.809844
-310.180263,57,65.752292
-249.662072,42,66.479681
-328.978269,65,67.587152
-223.720528,16,67.845493
-336.095924,97,69.453053
-223.409936,21,69.817713
-215.167449,9,69.997057
-260.937943,31,70.508263
-220.657306,15,70.74271
-268.34531,65,71.858033
-208.556821,6,71.994028
-239.550334,19,72.319609
-438.330727,131,74.520598
-206.808512,4,74.594969
-213.653697,10,74.760725
-203.954726,3,74.814734
-228.379737,19,75.129673
-212.951328,7,75.252396
-215.483578,16,75.523175
-210.365158,9,75.681042
-202.8865,2,75.724657
-207.292081,4,75.792952
-209.919099,8,75.926033
-207.693621,4,76.010116
-209.375823,7,76.138231
-266.840565,44,76.964497
-205.934011,3,77.022653
-217.145592,17,77.304044
-214.088026,8,77.438845
-270.234649,71,78.604623
-312.326639,69,79.711703
-205.303638,4,79.781871
-203.130998,2,79.827654
-429.27559,161,82.472268
-499.715685,143,84.937284
-296.85891,74,86.188916
-343.197879,121,88.204954
-276.390382,44,88.943766
-311.272754,80,90.240196
-319.3231,64,91.288115
-241.470472,27,91.717876
-326.443201,77,92.986006
-274.661227,39,93.637166
-203.263334,2,93.681572
-304.069541,62,94.689403
-243.844807,32,95.200136
-203.350028,2,95.286704
-211.01961,11,95.474377
-238.200073,47,96.266334
-459.902899,187,99.351015
-202.134026,5,99.443907
-230.185823,16,99.723246
-213.829493,8,99.858683
-293.936907,70,100.996522
-362.450144,106,102.754561
-319.992907,106,104.542318
-220.349873,14,104.772486
-216.326352,16,105.047492
-262.955094,47,105.829643
-379.615616,125,107.980213
-309.780383,55,108.888667
-205.188136,4,108.964179
-335.423635,68,110.095357
-213.796002,17,110.412084
-413.160988,123,112.622627
-321.78889,121,114.646886
-209.845205,7,114.778478
-211.170254,8,114.926513
-230.64907,33,115.488856
-212.152138,10,115.660429
-288.885303,61,116.655928
-244.382163,49,117.452829
-1060.780355,576,126.922164
-377.279439,106,128.644187
-207.437405,6,128.743092
-356.395038,89,130.218876
-584.551167,237,134.298923
-217.478541,10,134.468619
-304.842704,75,135.714911
-329.32295,74,136.904567
-267.643952,48,137.733189
-222.708833,18,138.058702
-339.734468,117,140.026715
-255.807082,27,140.471129
-212.863583,9,140.619362
-221.219135,17,140.907719
-262.771624,43,141.65533
-214.38929,11,141.831687
-289.827985,65,142.988558
-1278.385798,624,153.341717
-510.07498,203,156.713629
-518.76714,271,161.175606
-852.253023,379,167.408745
-466.962599,167,170.225372
-228.264918,24,170.616913
-544.048843,238,174.508855
-540.281159,237,178.469857
-372.357418,121,180.606374
-600.482751,303,185.707179
-642.052405,314,191.015112
-428.735885,193,194.134873
-307.510308,73,195.317583
-295.294285,66,196.366647
-295.608228,69,197.46351
-303.772396,81,198.833436
-387.878548,129,200.95286
-948.810831,451,208.434129
-213.135558,8,208.567526
-320.034792,95,210.135458
-313.00424,87,211.558538
-331.856435,116,213.530069
-487.229536,260,217.90149
-615.415873,275,222.372493
-1074.060213,545,231.320191
-293.017274,57,232.238873
-290.967705,65,233.27418
-249.538809,35,233.843844
-482.980469,277,238.413161
-1081.963812,647,249.213043
-236.59882,20,249.548877
-210.350471,6,249.649112
-629.964668,336,255.164585
-510.16636,222,258.83677
-727.767278,372,264.904499
-397.414217,159,267.482223
-717.068105,345,273.115536
-404.731548,125,275.17535
-205.374802,3,275.234517
-232.148624,31,275.721182
-1129.637085,700,287.004684
-350.083967,112,288.79236
-922.518194,700,300.090429
-211.727873,10,300.2359
-256.737206,43,300.957275
279.539862,27,301.408763
-231.569229,18,301.705031
-1081.827565,700,313.088436
142.631319,143,315.579483
-952.232368,550,324.47457
-889.16791,700,335.538408
-385.699105,162,338.192042
-333.066857,122,340.177751
-268.292891,46,340.961156
-1147.551862,700,352.153202
-1114.83526,700,363.317998
-623.784557,700,374.407663
-640.279433,700,385.516364
-995.513035,700,396.570163
-1085.660224,700,407.747965
-661.39121,700,419.052827
-753.043658,700,430.303273
-869.764332,700,441.571022
-1286.953918,700,452.858041
-1260.140402,700,463.951446
-1107.235619,453,471.13333
-867.249456,700,482.490067
-632.979588,700,493.599611
-347.412897,158,496.09177
-1317.027149,700,507.347296
-764.286089,700,518.630111
-783.371231,700,529.867393
-1009.72195,700,540.995739
-659.247629,700,552.441046
-563.009617,700,563.664858
-1304.317678,700,574.818407
295.616303,7,574.929977
-1334.094563,700,586.247515
-807.281063,700,597.435431
-1143.74535,700,608.512707
-609.401821,700,619.975174
-201.764038,3,620.015444
-758.860632,700,631.222299
-949.646055,700,642.703465
-1441.570198,700,654.002923
-391.304572,124,656.065668
-923.581696,700,667.595769
-1087.871302,700,678.640308
-917.706416,700,689.531053
-784.355263,700,700.406952
-839.106746,700,711.768649
-657.3226,700,722.658113
-207.132461,3,722.696879
-1093.008886,700,733.500588
-965.774841,700,744.44667
-1110.785611,700,755.293632
-960.320385,700,766.4769
-254.663504,56,767.35433
-920.031157,700,778.387256
-749.674983,700,789.329185
-1115.532102,700,800.297091
-964.483077,700,811.500178
-985.126915,700,822.34745
-718.736669,700,833.1969
-1041.308546,700,844.158756
-1175.071236,700,855.00989
-808.072167,700,865.845448
-634.584437,700,876.935396
-995.827924,700,887.811307
-664.594829,700,898.89603
-941.053747,700,909.939836
-545.19024,700,920.853755
-996.392664,647,930.903518
-937.48064,700,941.88624
-1247.983579,700,952.827675
-1150.181489,700,963.771541
-899.888316,700,974.747185
-1136.747026,700,985.617073
-847.621902,700,996.406628
-959.619972,700,1007.321899
-1150.01653,700,1018.422494
-1051.306414,700,1029.329087
-900.68518,700,1040.19318
-971.411693,700,1051.099178
-926.870331,558,1059.714854
-955.556049,700,1070.612907
-1070.916463,700,1081.562545
-704.829696,700,1092.503361
-1011.277763,700,1103.441662
-815.969259,700,1114.250676
-1105.731951,700,1125.118186
-1177.838454,700,1136.060544
-733.598045,700,1147.147606
-964.108194,700,1158.065878
-934.403026,700,1168.84985
-671.800154,700,1179.851357
-808.348407,700,1190.950768
-861.736756,700,1201.877121
-816.630065,700,1212.83433
-889.796303,700,1223.708646
-723.690747,700,1234.579344
-885.772819,700,1245.434336
-637.154384,700,1256.245907
-1024.667346,700,1267.180732
-964.269557,700,1278.019745
-1020.311775,700,1288.887934
-894.970736,700,1299.648109
-725.308024,700,1310.523291
-728.294572,700,1321.632195
-641.352419,700,1332.502618
-771.158685,700,1343.178144
-944.561278,700,1354.018213
-966.879237,700,1364.825164
-967.360782,700,1375.623019
-916.860434,700,1386.592626
-893.633302,700,1397.408101
-547.785097,700,1408.244245
-933.456837,700,1419.194443
-704.288893,700,1429.937288
-1285.598741,700,1440.741223
-1029.131562,700,1451.494488
-1157.731418,700,1462.316149
-1098.559991,700,1473.130131
-516.569966,700,1483.981346
-1082.047139,700,1494.729516
-678.354481,294,1499.220593
-725.515084,700,1509.998131
-915.962215,700,1521.014978
-610.060468,700,1531.980457
-1212.646327,700,1542.683873
-1187.922895,700,1553.438909
-712.112256,700,1564.131953
-870.558458,700,1574.9459
-632.996208,700,1585.717832
-611.671175,700,1596.393088
-1022.006892,700,1607.34991
-654.008223,700,1618.01833
-1002.080249,700,1628.665226
-982.78498,700,1639.438238
-1191.059599,700,1650.140924
-1069.408416,700,1661.131555
-919.020929,700,1672.070027
-740.497937,700,1682.9284
-858.404658,700,1693.643133
-631.11165,700,1704.454622
-719.599895,700,1715.238579
-633.146992,700,1726.100328
-705.813941,700,1737.083993
-779.553853,700,1747.742512
-732.210519,700,1758.548029
-869.340623,700,1769.23898
-560.328032,303,1773.785545
-275.081576,54,1774.637176
-1011.039195,700,1785.259209
-884.979336,700,1796.069812
-768.974199,700,1806.601972
-867.736575,700,1817.268658
-717.532458,700,1827.898379
-615.971252,700,1838.493593
-528.338316,700,1849.001961
-722.257689,700,1859.826479
-517.783933,700,1870.422846
-563.416023,700,1880.993509
-954.046805,700,1891.558427
-684.097735,700,1902.062137
-774.513206,700,1912.613395
-804.255975,700,1923.479291
-1050.244702,700,1934.268671
-792.973056,700,1945.206739
-973.698042,700,1955.820603
-851.48948,700,1966.480665
-1030.720092,700,1977.272701
-615.010379,700,1987.845181
-744.621877,700,1998.518996
-729.278,700,2009.333743
-931.985864,700,2020.041109
-1110.711561,700,2030.698961
-607.675087,700,2041.542993
-698.859946,700,2052.25359
-558.815136,700,2062.96819
-639.993793,278,2067.211619
-894.16517,700,2077.938745
-1015.787612,700,2088.568742
-904.595778,700,2099.342373
-1011.898258,700,2110.070865
-923.159595,700,2120.971318
-1055.542145,700,2131.549604
-670.654103,700,2142.269007
-1176.26772,700,2153.116106
-648.308703,700,2163.918094
-732.881396,700,2174.68677
-316.120827,128,2176.592436
-811.618724,700,2187.191496
-686.802677,700,2197.97121
-851.228462,700,2208.538609
-596.350262,700,2219.30074
-851.386293,700,2230.200958
-792.956053,700,2240.819533
-1026.653679,700,2251.67882
-1187.484166,700,2262.45118
-1065.962845,700,2273.046955
-922.596659,700,2283.733524
-757.547963,700,2294.64222
-470.31928,700,2305.664176
-873.196712,700,2316.378231
-664.253876,700,2327.256207
-643.698146,368,2332.966198
-593.082593,700,2343.838207
-987.270814,700,2354.704283
-746.556224,700,2365.440171
-593.660532,700,2376.342905
-660.267734,700,2387.41824
-979.89397,700,2398.177675
-677.308513,700,2409.030111
-872.337264,700,2419.905406
-844.444345,700,2430.685024
-718.359949,700,2441.45871
-1153.075872,700,2452.185661
-640.087362,700,2462.962011
-837.344101,678,2473.518403
-1061.434299,700,2484.458319
-1110.326018,700,2495.636335
-655.085778,700,2506.321108
-413.933679,700,2517.283341
-489.973858,700,2527.973293
-728.832623,700,2538.883091
-693.29604,643,2549.056414
-622.506211,700,2559.820849
-1053.64843,700,2570.569785
-690.131548,700,2581.793233
-177.805995,508,2589.855925
-545.851581,700,2600.556854
-650.188915,700,2611.62131
-737.138718,700,2622.421534
-375.93598,153,2624.750269
-505.522319,255,2628.606129
-231.482614,27,2629.047944
-1147.934249,700,2640.132117
281.735982,34,2640.679725
-958.073896,700,2651.490357
-498.748127,700,2662.634911
279.394059,38,2663.244733
-806.79562,633,2673.11222
-756.613253,660,2683.465436
-729.804476,700,2694.194006
-664.388482,700,2705.161609
-794.846135,700,2715.889088
-718.464929,700,2726.878948
-881.161753,700,2737.736612
-837.229889,700,2748.42135
-1025.690269,700,2759.165095
-763.030919,700,2770.115086
-575.770472,542,2778.535108
-879.122708,700,2789.271397
-963.190269,700,2800.047234
-345.738079,180,2802.798848
-897.899115,700,2813.586544
-540.239965,700,2824.354171
-749.666348,700,2835.12576
-330.139525,700,2845.98624
-1039.987442,700,2856.663355
-849.020009,700,2867.487259
-1049.620702,700,2878.260808
-442.597638,685,2888.897373
-654.129688,422,2895.405624
-713.691474,700,2906.408325
-236.906514,46,2907.092277
-232.884895,59,2908.037183
-937.164883,700,2918.829039
-424.771224,700,2929.85078
294.834968,6,2929.944519
-708.648916,700,2940.674923
222.39958,107,2942.346681
-1043.813444,700,2953.175673
247.275091,105,2954.840305
-589.859907,700,2965.583816
-805.844605,700,2976.419957
-518.661141,391,2982.540655
-619.545691,700,2993.447168
-691.163671,700,3004.240789
-778.109113,700,3014.906652
-243.143031,49,3015.684088
-644.116894,700,3026.705799
-558.815308,700,3037.416721
-546.792779,700,3048.202185
-708.136591,700,3058.843599
-907.936461,700,3069.493517
-681.179503,700,3080.172281
-666.365298,700,3090.873955
-414.570199,353,3096.318415
-560.23113,700,3107.210747
-621.313643,700,3118.171195
-1073.011386,700,3129.054147
-914.590247,700,3139.646097
-907.754549,700,3150.447436
-916.259573,700,3161.291706
-493.019678,700,3172.070986
-579.272702,700,3183.089823
-876.512094,700,3193.867665
-1014.598397,700,3204.535678
-1156.569266,700,3215.327877
-945.192365,700,3225.797003
-297.146324,85,3227.042148
-64.196751,435,3233.701655
-911.96235,700,3244.340324
-679.361605,700,3254.914668
-624.87195,685,3265.516395
-763.407569,700,3276.540971
-586.478075,541,3284.818207
-696.535186,700,3295.700816
-514.405329,700,3306.627539
-1025.198662,700,3317.533377
-897.918028,700,3328.186115
-949.642135,700,3338.850806
-700.626168,700,3349.588926
-569.080301,557,3357.934236
-336.071213,128,3359.910026
-1099.640223,700,3370.733284
-490.079919,700,3381.434895
-754.0017,700,3392.026373
-676.625917,700,3402.957187
-811.78867,700,3413.556679
-671.55585,700,3424.101735
-826.928177,700,3434.778746
-628.726119,523,3442.602851
-647.348109,700,3453.215644
-434.369442,700,3464.131938
-646.743737,700,3474.750484
-482.489854,700,3485.312958
-688.975309,700,3496.177103
-911.901341,700,3506.756376
-1013.066382,700,3517.372935
-467.409062,700,3528.146625
-751.314772,700,3538.589727
-541.239381,376,3544.272637
-449.399802,700,3554.81529
-1064.020384,700,3565.205806
-392.920384,700,3575.785633
-721.338007,700,3586.311969
-600.377142,700,3597.183669
-1035.821084,700,3607.691722
-483.278308,364,3613.242451
-213.603275,17,3613.51655
-435.225242,700,3624.338801
-473.919491,700,3634.790376
-773.04301,700,3645.165437
-715.604654,700,3655.68539
-991.261678,700,3666.343056
-1197.45751,700,3677.03241
-583.259838,700,3687.856529
-846.979044,700,3698.397332
-413.282503,700,3709.08633
-753.954084,700,3719.842338
-616.972766,700,3730.447857
-675.678069,700,3740.999264
-597.96113,700,3751.44396
-837.831459,700,3761.857139
-993.871385,700,3772.389359
-670.841821,700,3782.9962
-948.531077,700,3793.458664
-420.420644,700,3804.186675
-233.156483,36,3804.746537
-773.319153,700,3815.471464
-595.307252,700,3826.091253
-715.766041,700,3836.658543
-1035.405771,700,3847.292911
-642.995098,516,3855.002228
-756.253988,700,3865.493031
-1136.88997,700,3875.832147
-1172.212353,700,3886.280163
-691.696952,700,3896.907545
-821.802379,700,3907.366127
-780.061748,700,3917.886546
-659.451585,700,3928.615628
-658.882847,700,3939.200232
-664.111818,700,3949.970427
-661.838414,700,3960.571909
-511.304917,700,3971.280753
-951.198665,700,3981.778006
-460.002696,700,3992.486389
-614.87796,700,4002.993088
-562.819619,700,4013.533932
-829.280745,700,4024.108938
-618.000611,700,4034.715173
-598.571381,700,4045.245746
-508.680183,700,4055.995542
-621.978932,700,4066.783674
-513.825058,700,4077.472337
-763.853167,700,4088.17332
-1062.036018,700,4098.80921
-345.020042,700,4109.382899
-768.539978,700,4120.045449
-483.226792,700,4130.763484
-728.422293,700,4141.446026
-476.365554,700,4152.201886
-438.41941,700,4162.85945
-455.324356,700,4173.514472
-507.177014,700,4184.376981
-687.649019,700,4195.242081
-853.531301,700,4205.830929
-770.847669,700,4216.448905
-706.689993,700,4226.984356
-567.148733,700,4237.693468
-600.639551,700,4248.508814
-783.359144,700,4259.144456
-817.017269,700,4269.806314
-795.393786,700,4280.2858
-941.147629,700,4290.94605
-839.51821,700,4301.848357
-674.001918,700,4312.41229
-860.901833,700,4322.97734
-629.802679,700,4333.571536
-476.512484,700,4344.167889
-699.500181,700,4354.637458
-703.026505,700,4365.208946
-683.463198,700,4375.807048
-848.989282,700,4386.459566
-925.517693,700,4397.238075
-882.571999,700,4408.148723
-1163.69571,700,4418.607991
-790.104426,700,4429.305624
-945.277834,700,4439.873152
-1061.263678,700,4450.537346
-889.323388,700,4461.125329
-706.646436,700,4471.588465
-344.521546,700,4482.127673
-758.034158,700,4492.955481
-501.769132,700,4503.596806
-664.25425,700,4514.143618
-672.493245,700,4524.959876
-810.58287,700,4535.813632
-801.226135,700,4546.686381
-442.277669,700,4557.303932
-831.863255,700,4567.996616
-771.857474,700,4578.855185
-835.069609,700,4589.872179
-797.423162,700,4600.683124
-846.639305,700,4611.444184
-612.755753,700,4622.247534
-587.007393,700,4632.95726
-552.098976,321,4637.821722
-768.683399,700,4648.680807
-625.055752,700,4659.353059
-788.938226,700,4669.915966
-880.147651,700,4680.435374
-970.130971,700,4690.961645
-753.909039,700,4701.59722
-843.84806,700,4712.19787
-905.568218,700,4722.810309
-678.104647,700,4733.226977
-666.984971,700,4743.755886
-1055.681157,700,4754.289171
-336.108833,700,4765.035315
-1009.081655,700,4775.68532
-964.109149,700,4786.160642
-747.784785,700,4796.715396
-810.242618,700,4807.299193
-758.456517,700,4817.835758
-807.490553,700,4828.439898
-852.378651,700,4839.037281
-852.73825,700,4849.714929
-539.671835,700,4860.337511
-644.987783,700,4870.985165
-852.442167,700,4881.661943
-862.189117,700,4892.221861
-1059.396272,700,4902.729185
-612.183634,700,4913.600781
-892.653775,700,4924.202375
-697.212602,573,4932.703752
-579.375459,700,4943.209893
-806.851458,700,4953.724324
-736.149575,700,4964.091655
-625.977875,700,4974.381555
-492.034474,700,4985.329397
-535.175614,700,4995.743624
-464.680749,700,5006.120571
-574.274179,700,5016.594039
-787.030928,700,5027.425338
-867.802245,700,5037.800903
-919.071576,700,5048.289071
-432.745162,700,5058.75582
-730.448936,700,5069.173336
-934.994066,700,5079.63523
-392.40715,700,5090.136648
-919.802068,700,5100.670804
-852.718615,700,5111.175637
-791.020273,700,5121.577111
-860.929734,700,5132.264374
-882.187337,700,5142.779473
-517.020936,700,5153.168397
-842.171644,700,5163.676259
-874.668902,700,5174.160527
-804.369435,700,5184.643841
-537.827287,700,5195.031065
-993.256282,700,5205.508372
-889.735955,700,5216.083416
-971.050186,700,5226.565099
-851.447902,700,5237.150166
-646.908578,700,5247.542508
-738.554321,700,5258.048265
-748.604296,700,5268.477749
-432.821857,700,5278.802921
-523.102211,700,5289.17717
-719.2851,700,5299.625233
-860.041425,700,5310.108429
-906.351893,700,5320.476732
-441.582747,700,5331.009341
-771.043196,700,5341.519784
-612.134456,700,5351.972548
-733.183393,700,5362.713831
-927.956135,700,5373.251206
-853.604345,700,5383.788996
-838.928821,700,5394.27041
-972.106882,700,5404.734325
-733.241821,700,5415.336329
-739.618496,700,5425.955751
-937.856494,700,5436.62952
-534.18247,700,5447.629171
-551.643866,700,5458.131436
-519.509809,700,5468.938451
-831.687005,700,5479.576375
-671.946205,700,5490.152902
-762.796487,700,5500.855902
-700.497818,700,5511.508696
-774.836874,700,5522.259321
-861.106002,700,5532.765805
-718.298027,700,5543.385373
-783.226822,700,5553.84276
-648.62171,700,5564.322407
-668.113614,700,5575.043887
-498.368263,700,5585.685628
-506.067089,700,5596.154309
-1030.213369,700,5606.723927
-664.070923,700,5617.164538
-940.374244,700,5627.641302
-973.56297,700,5638.266739
-791.570431,700,5648.764453
-781.663221,700,5659.351621
-711.757397,700,5670.020586
-1120.692227,700,5680.811603
-520.157923,700,5691.41001
-1093.433035,700,5701.961871
-788.237313,700,5712.490128
-1069.216959,700,5723.00644
-984.183873,700,5733.629474
-694.952418,700,5744.062089
-726.053663,700,5754.622644
-471.758419,700,5765.289297
-795.814861,700,5775.896816
-726.466879,700,5786.418369
-575.64162,700,5796.949214
-526.018075,700,5807.347345
-670.965331,700,5817.925005
-850.58618,700,5828.442622
-785.833987,700,5839.026882
-864.509375,700,5849.639392
-486.441157,700,5860.147578
-708.583518,700,5870.594688
-731.129855,700,5881.067067
-836.293649,700,5891.562502
-879.493802,700,5902.041315
-670.75455,700,5912.653676
-549.413881,700,5923.268156
-701.240208,700,5933.764596
-558.091519,700,5944.415002
-749.654934,700,5954.80204
-502.477311,700,5965.323303
-581.684611,700,5975.846579
-590.420005,700,5986.325526
-518.334449,700,5996.647696
-430.204458,700,6007.429039
-1047.176539,700,6017.995094
-529.969299,700,6028.433446
-513.437238,700,6038.928637
-880.313319,700,6049.416798
-726.299083,700,6059.880034
-600.590634,700,6070.38882
-587.463473,700,6080.79711
-634.514339,700,6091.193152
-588.532459,700,6101.672471
-674.212504,700,6112.021605
-772.667228,700,6122.588952
-640.597569,700,6133.124151
-637.361003,700,6143.522336
-608.850024,700,6153.934154
-888.138135,700,6164.410198
-891.935547,700,6174.93234
-914.411368,700,6185.361482
-1076.184117,700,6195.865987
-912.662276,700,6206.300258
-469.698611,700,6216.950989
-845.292635,700,6227.375624
-914.526635,700,6237.801861
-706.066139,700,6248.356294
-837.866447,700,6258.81993
-395.030648,700,6269.305132
-848.949259,700,6279.784922
-516.802851,700,6290.194265
-571.101897,700,6300.535151
-496.645811,700,6311.082147
-734.138338,700,6321.487238
-1131.052308,700,6331.854002
-750.237269,700,6342.298848
-1177.87871,700,6352.684897
-680.02351,700,6363.028712
-988.842916,700,6373.667937
-1079.999387,700,6384.148782
-879.978492,700,6394.752802
-581.929892,700,6405.374466
-528.005174,700,6415.879976
-969.874122,700,6426.485318
-802.012927,700,6437.021326
-647.075447,700,6447.577324
-881.052795,700,6458.387196
-382.021094,700,6469.065337
-567.682626,700,6479.617084
-722.443269,700,6490.178093
-647.74904,700,6500.84105
-763.732637,700,6511.363689
-920.6302,700,6521.857152
-480.818627,700,6532.579114
-557.476416,700,6542.904962
-716.463713,700,6553.356449
-712.598717,700,6563.894145
-615.499713,700,6574.405722
-910.42464,700,6584.859483
-835.739693,700,6595.476131
-567.688793,700,6605.952361
-687.219888,700,6616.495005
-575.808223,700,6627.063128
-714.570888,700,6637.400826
-916.197305,700,6647.939068
-989.024223,700,6658.399073
-526.772153,700,6668.847268
-1127.153002,700,6679.436059
-656.813869,700,6690.040892
-423.212593,700,6700.506625
-922.439946,700,6711.013566
-442.919864,700,6721.454913
-513.948807,700,6731.97204
-620.983543,700,6742.695464
-721.596459,700,6753.334146
-697.814007,700,6763.856371
-620.636323,700,6774.420322
-865.255903,700,6785.016205
-500.319822,700,6795.620912
-898.284709,700,6806.495446
-1115.925603,700,6817.032236
-752.471164,700,6827.668771
-665.703552,700,6838.511513
-912.725956,700,6849.068715
-1002.288169,700,6859.456715
-529.435883,700,6869.982487
-861.940133,700,6880.53357
-901.081998,700,6891.18294
-843.741696,700,6901.830399
-820.571626,700,6912.369382
-474.904521,700,6922.892534
-727.580478,700,6933.296196
-447.536637,700,6943.692478
-661.30533,700,6954.107263
-783.312614,700,6964.612477
-955.671678,700,6975.066772
-674.044561,700,6985.402164
-712.090627,700,6995.787062
-445.222273,700,7006.175638
-692.668806,700,7016.686348
-716.24531,700,7027.024853
-755.814936,700,7037.66965
-775.568437,700,7048.255543
-809.307828,700,7058.622819
-689.225668,700,7069.099289
-628.207544,700,7079.634657
-792.854734,700,7089.962124
-1105.519146,700,7100.379054
-665.156871,700,7110.875811
-584.347288,700,7121.267902
-581.709459,700,7131.718833
-796.548512,700,7142.290022
-754.394432,700,7152.69869
-765.401087,700,7163.146762
-922.108432,700,7173.695637
-650.316394,700,7184.221997
-788.206982,700,7195.027508
-1036.933232,700,7205.736926
-977.94647,700,7216.255457
-948.221671,700,7226.726028
-966.696644,700,7237.409616
-538.436478,700,7247.738799
-472.473374,700,7258.109698
-958.902546,700,7268.820709
-511.064233,700,7279.183291
-563.008442,700,7289.537436
-447.520769,700,7300.017012
-805.906675,700,7310.297035
-357.689722,700,7320.706907
-584.831051,700,7331.399321
-777.693654,700,7341.834399
-912.080463,700,7352.24623
-802.010646,700,7362.679984
-499.629394,700,7373.039729
-928.554764,700,7383.435607
-1130.24196,700,7393.858108
-659.102507,700,7404.340304
-686.776147,700,7414.896003
-967.889481,700,7425.257524
-758.055633,700,7435.669358
-540.33199,700,7446.185006
-509.342549,700,7456.591745
-875.74994,700,7467.079448
-647.260171,700,7477.500727
-705.079862,700,7487.742649
-693.972112,700,7498.214812
-571.912916,700,7508.708372
-546.431863,700,7519.180964
-471.771912,700,7529.711811
-428.267855,700,7540.29364
-491.194516,700,7550.791241
-1091.048129,700,7561.095304
-605.424005,700,7571.538404
-743.822188,700,7581.949735
-471.870366,700,7592.379296
-686.083272,700,7602.843128
-853.817094,700,7613.276988
-671.135719,700,7623.668322
-581.630322,700,7634.239595
-962.312783,700,7644.697356
-499.79823,700,7655.156353
-654.186754,700,7665.904246
-1045.707091,700,7676.378092
-800.760593,700,7686.805465
-606.044766,700,7697.313901
-811.137871,700,7707.726297
-772.009894,700,7718.25236
-785.347176,700,7728.909749
-591.815036,700,7739.58379
-703.462657,700,7750.11474
-678.477605,700,7760.909229
-693.479441,700,7771.275539
-906.306513,700,7781.614948
-910.252359,700,7792.064912
-495.201218,700,7802.981804
-765.159672,700,7813.7594
-1024.000176,700,7824.390519
-875.69309,700,7834.88788
-790.289458,700,7845.420999
-548.805239,700,7855.943715
-421.829314,700,7866.546325
-320.891861,700,7877.269626
-639.063324,700,7887.64147
-571.598514,700,7898.022208
-437.297347,700,7908.654097
-402.807629,700,7919.139856
-859.538876,700,7929.560913
-637.413006,700,7940.064626
-1036.594059,700,7950.513597
-1027.696636,700,7960.907985
-263.755782,700,7971.476662
-591.337513,700,7982.04567
-932.769436,700,7992.479532
-702.90876,700,8003.030622
-997.272359,700,8013.537396
-524.601154,700,8024.017791
-939.149946,700,8034.612805
-874.630978,700,8045.14517
-474.557441,700,8055.621639
-406.206179,700,8066.174881
-506.754197,700,8076.620751
-841.911254,700,8087.086714
-892.62555,700,8097.940989
-321.344593,700,8108.400625
-363.399292,700,8118.995091
-757.480408,700,8129.775384
-768.042096,700,8140.206707
-658.768033,700,8150.815658
-802.962276,700,8161.741735
-973.398091,700,8172.268153
-904.789805,700,8182.729198
-641.119424,700,8193.276917
-1087.432902,700,8203.666207
-426.767613,700,8214.179356
-955.570451,700,8224.757193
-352.712523,700,8235.162245
-784.82133,700,8245.68658
-797.722831,700,8256.410875
-503.252144,700,8266.900221
-380.600315,700,8277.592515
-974.81175,700,8288.10719
-807.571654,700,8298.692824
-389.458406,700,8309.2665
-636.720275,700,8319.638196
-655.978896,700,8330.065342
-456.721005,700,8340.66539
-471.863816,700,8351.154798
-588.717776,700,8361.611765
-725.823903,700,8372.226191
-610.731875,700,8382.770237
-371.319182,700,8393.259743
-821.300932,700,8403.871228
-763.894882,700,8414.360442
-567.339605,700,8424.843361
-1063.017481,700,8435.498524
-972.783248,700,8446.442926
-768.729064,700,8457.401351
-809.392901,700,8468.061083
-594.535365,700,8478.609275
-651.552284,700,8489.151853
-667.307971,700,8499.809505
-893.748756,700,8510.343707
-541.431927,700,8520.845932
-722.700512,700,8531.45226
-419.367358,700,8541.960134
-334.001536,700,8552.513261
-866.272242,700,8563.092342
-1033.680874,700,8573.703672
-957.079547,700,8584.409175
-629.373495,700,8594.988806
-534.843716,700,8605.500293
-604.59299,700,8616.475718
-767.882936,700,8627.049903
-340.996399,700,8637.688949
-949.107731,700,8648.322346
-613.387871,700,8658.94581
-591.859139,700,8669.386696
-242.661884,700,8680.162393
-826.55365,700,8690.560919
-735.830337,700,8701.035855
-1008.900506,700,8711.69437
-701.269661,700,8722.193858
-578.595212,700,8732.605574
-561.804485,700,8743.281533
-509.962774,700,8753.919528
-322.153235,700,8764.357834
-317.515048,700,8775.143379
-1063.017482,700,8785.631158
-505.093712,700,8796.098625
-605.115349,700,8806.693573
-814.502898,700,8817.189076
-582.749004,700,8827.662885
-304.45401,700,8838.294388
-565.160877,700,8848.78299
-556.227147,700,8859.347593
-577.242201,700,8870.034918
-694.620978,700,8880.651266
-713.263167,700,8891.307312
-681.290839,700,8902.068776
-375.722983,700,8912.640346
-608.254424,700,8923.384541
-600.722936,700,8934.098405
-293.115273,700,8944.659629
-491.305729,700,8955.062224
-774.642616,700,8965.632389
-418.614692,700,8976.115167
-851.739956,700,8986.620083
-773.874831,700,8997.16519
-763.353983,700,9007.789323
-449.231031,700,9018.392745
-584.38998,700,9028.959184
-333.843421,700,9039.362435
-306.139093,700,9049.829022
-645.722721,700,9060.846191
-686.802097,700,9071.644825
-734.413989,700,9082.155067
-628.261263,700,9092.750131
-617.496386,700,9103.273605
-1036.777678,700,9113.89681
-534.577297,574,9122.456849
-434.735604,700,9133.019944
-550.925342,700,9143.659552
-1001.680068,700,9154.197356
-673.670252,700,9164.644534
-926.370172,700,9175.170036
-1054.489369,700,9185.67014
-1149.458099,700,9196.128958
-462.754552,700,9206.706393
-818.828509,700,9217.177823
-918.834897,700,9227.528675
-414.805457,700,9238.008841
-1225.833086,700,9248.382857
-930.037195,700,9258.832237
-717.9471,700,9269.617386
-626.160034,700,9280.133126
-820.265073,700,9290.493544
-671.282357,700,9301.038149
-1073.997008,700,9311.471934
-1080.668185,700,9322.082351
-1021.362625,700,9332.698601
-876.471838,700,9343.142852
-686.042675,700,9353.592
-811.174814,700,9364.4135
-712.104807,700,9374.880255
-794.124971,700,9385.316097
-1092.061231,700,9396.174352
-1136.268152,700,9406.69657
-903.389764,700,9417.19994
-806.909157,700,9427.760494
-678.269167,700,9438.172469
-455.430176,700,9448.61459
-867.716005,700,9459.176181
-835.073302,700,9469.570677
-615.337146,700,9480.254054
-517.336814,700,9490.738442
-1024.050888,700,9501.188144
-971.810024,700,9511.783287
-340.13399,700,9522.326956
-931.31579,700,9532.772942
-595.972861,700,9543.372393
-593.334166,700,9554.176365
-795.284584,700,9564.632725
-435.890038,700,9575.139398
-484.18219,700,9585.689104
-860.299145,700,9596.14694
-847.516941,700,9606.663749
-1004.687975,700,9617.072588
-456.254325,700,9627.569977
-581.88487,700,9638.184009
-795.540433,700,9648.768013
-775.671162,700,9659.283725
-816.477298,700,9669.883839
-811.107332,700,9680.405282
-1051.846122,700,9690.821905
-651.902488,700,9701.403084
-931.569143,700,9711.784409
-966.165569,700,9722.258095
-752.271318,700,9732.81033
-770.315148,700,9743.287045
-621.220927,700,9753.984047
-753.685611,700,9764.653465
-689.256762,700,9775.215058
-1059.671682,700,9785.564066
-402.478764,700,9796.109976
-455.479839,700,9806.411314
-730.888249,700,9816.769516
-743.232589,700,9827.341054
-353.634567,700,9838.119198
-959.097471,700,9848.827765
-1141.456532,700,9859.495254
-909.222934,700,9869.919744
-807.149083,700,9880.401125
-532.862984,700,9891.011968
289.171098,10,9891.168879
-842.401903,700,9901.631278
-743.999664,700,9912.288745
-699.828886,700,9923.149699
-831.73566,700,9933.657578
-662.781152,700,9944.099603
-438.697869,700,9954.641318
-775.24102,700,9965.070797
-503.623722,700,9975.486097
-962.154718,700,9985.98744
-765.597107,700,9996.450573
-624.190537,700,10006.963658
-685.1231,700,10017.344425
-735.926454,700,10027.760886
-783.338754,700,10038.203703
-1073.115192,700,10048.571213
-818.905293,700,10058.896915
-285.224169,700,10069.456457
-710.397584,700,10080.029491
289.277751,21,10080.344577
-709.011968,700,10090.874647
-1026.547832,700,10101.525361
-886.559277,700,10111.998881
-368.496088,700,10122.640772
-573.125791,700,10133.169569
-847.738299,700,10143.550154
-838.307236,700,10154.093023
-1193.621524,700,10164.712564
-641.818217,700,10175.236413
-898.58682,700,10185.809987
-692.775148,700,10196.412042
-949.689352,700,10206.797103
-408.830463,700,10217.14564
-919.28432,700,10227.626323
-476.499703,700,10238.410675
-779.464702,700,10248.771811
-549.628925,700,10259.395401
-784.835742,700,10270.093502
-643.607623,700,10280.37976
-303.261952,700,10290.835379
-980.537584,700,10301.696841
-823.385894,700,10312.284039
-548.612391,700,10322.851688
-561.435786,700,10333.289466
-729.104179,700,10343.748879
-425.972207,700,10354.346432
-387.493552,700,10364.899537
-1041.55666,700,10375.41528
-332.225165,700,10385.847078
-289.95777,700,10396.345668
-725.838722,700,10407.019125
-299.857872,700,10417.485392
-681.945411,700,10428.119958
-1013.280954,700,10438.578434
-589.339515,700,10448.986306
-1150.675078,700,10459.495138
-667.719255,700,10470.228754
-631.000991,700,10480.921381
-522.947799,700,10491.574327
-749.188157,700,10502.076828
-873.177915,700,10512.44977
-550.453755,700,10522.950345
-848.193764,700,10533.436466
-566.867233,700,10543.922237
-994.584467,700,10554.316157
-454.729511,700,10564.968055
-877.316563,700,10575.581755
-840.621285,700,10586.044084
-780.305605,700,10596.72112
-673.950129,700,10607.186185
-810.092972,700,10617.723341
-524.828524,700,10628.547908
-470.760268,700,10639.088186
-516.568471,700,10649.81076
-725.925544,700,10660.640336
-911.854825,700,10671.515195
-1014.846186,700,10682.399739
-870.568982,700,10693.144737
-538.63156,700,10703.790385
-869.090842,700,10714.605964
-521.824839,700,10725.292951
-545.15232,700,10735.945536
-441.640002,700,10746.356386
-1095.349081,700,10756.948626
-539.330618,700,10767.546635
-820.780959,700,10777.941161
-766.2654,700,10788.352399
-1143.180362,700,10799.045335
-823.467189,700,10809.758423
-626.691506,700,10820.12935
-549.949785,700,10830.559202
-790.696739,700,10841.175927
-712.553605,700,10852.129977
-696.776635,700,10862.573243
-709.528032,700,10873.056645
-758.826006,700,10883.759146
-729.387991,700,10894.318013
-617.734613,700,10905.193967
-588.822867,390,10911.112862
-1008.379776,700,10921.729913
-1025.552196,700,10932.206012
-243.304203,45,10932.90466
-679.782568,700,10943.468351
-367.607438,700,10954.382346
-698.37199,700,10964.889051
-856.230914,700,10975.982198
-1006.935035,700,10986.810609
-770.474578,700,10997.622859
-1003.888503,700,11008.098364
-540.308019,700,11018.363313
-519.178514,700,11029.162558
-729.818033,700,11040.133302
-750.975823,700,11051.021219
-679.308777,700,11062.033802
-713.282053,700,11073.211671
-336.031767,700,11084.183359
-1075.999911,700,11094.801754
-724.561443,700,11105.56083
-930.46151,700,11116.108516
-935.897842,700,11126.919464
-688.240572,700,11137.379486
-489.809697,299,11142.016285
-1066.165458,700,11152.515264
-757.993661,700,11163.347029
-374.60631,700,11173.767556
-628.271211,700,11184.835346
-781.339952,700,11195.982275
-796.36743,700,11206.316396
-332.079209,700,11216.811841
-840.61259,700,11227.944954
-1099.714589,700,11238.400682
-701.282789,700,11249.016988
-991.613081,700,11259.690062
-594.380715,700,11270.7239
-798.986978,700,11281.382051
-392.876193,700,11292.680416
-1111.799424,700,11303.782979
-592.32753,700,11314.619493
-1107.518785,700,11325.20829
-856.981375,700,11335.862711
-516.543501,700,11347.123298
-478.012294,700,11358.256358
-839.379397,700,11369.364529
-1022.576608,700,11380.244767
-1054.732849,700,11390.969038
-560.527838,700,11401.771729
-380.055205,190,11404.808937
-779.203504,700,11415.512686
-934.096492,700,11425.967368
-375.78311,700,11436.946736
-638.702616,700,11447.778677
-603.672089,700,11458.779302
-668.175168,700,11469.241993
-924.819706,700,11479.865485
-888.154749,700,11490.479711
-401.229018,271,11494.80973
-997.479864,700,11506.011744
-252.901363,55,11506.902757
-869.010649,700,11517.511517
-383.992905,175,11520.238697
-317.219789,99,11521.809148
-762.094451,700,11532.474818
-536.915314,700,11543.065224
-685.888285,700,11553.578839
-756.352824,700,11563.893841
-682.833172,700,11574.932112
233.281069,79,11576.143104
-561.137965,700,11587.043944
-245.404892,65,11588.043697
-664.482868,444,11594.971549
-937.882091,700,11605.871531
229.631244,117,11607.729555
-774.296226,700,11618.272399
-446.621137,700,11628.781342
-771.653701,700,11639.118725
-535.601037,700,11649.990805
-524.873428,700,11660.415336
-699.115,700,11670.833239
-460.194725,700,11681.633844
-1027.885454,700,11692.300738
-544.829619,700,11702.765732
-500.04715,700,11713.635803
234.806866,112,11715.39039
-862.643679,700,11725.976129
-647.511508,700,11736.50991
255.588973,78,11737.737282
-756.932402,700,11748.200981
-543.799803,700,11759.040361
-920.27105,700,11769.734201
-744.740839,700,11780.316101
-846.286676,700,11790.831374
-478.224483,700,11801.803673
-938.895068,700,11812.45733
-631.436056,700,11823.552459
-290.655955,121,11825.416429
-696.723568,700,11836.076397
-650.640734,700,11846.635528
-701.8077,700,11857.169988
-626.5445,700,11868.187135
-675.63968,700,11879.301178
-336.931873,310,11884.171181
-596.510111,700,11895.304083
-536.749372,700,11906.326645
-475.342491,700,11917.546874
-871.783721,700,11928.555168
-791.926584,700,11940.191816
-346.122887,700,11951.774861
-521.144763,700,11963.290645
-844.724674,700,11974.027246
-903.020258,700,11985.196318
-788.803042,700,11996.419153
-902.820489,700,12007.369843
-758.469859,700,12018.21715
-932.734937,700,12029.145499
-594.815998,700,12040.330983
-820.49972,700,12050.964871
-856.210724,700,12061.810539
-639.186873,700,12073.313966
-713.644619,700,12083.816452
-495.414185,415,12090.5259
-503.995893,700,12101.438102
-930.216123,700,12112.081084
-839.315871,700,12122.639895
-814.448329,669,12133.121398
-858.574336,700,12143.645178
-776.294943,700,12154.038286
-525.793569,700,12165.17847
-826.007739,700,12175.674854
-370.504583,171,12178.423219
-1055.18128,700,12189.007323
-586.605892,384,12195.125919
-609.213002,700,12206.350335
-401.245496,700,12217.546041
-488.437702,700,12228.557771
-998.260793,700,12239.257288
-1054.830631,700,12249.961808
-617.277791,700,12260.430568
-1113.705983,700,12271.057608
-696.490029,700,12281.590016
-492.971337,700,12292.947505
-545.409798,700,12304.243267
-352.698321,700,12315.385797
-624.347046,700,12326.028617
-600.715093,700,12337.078163
-615.441382,700,12347.374791
-866.059449,700,12357.948659
-549.135876,700,12368.522457
-576.094916,700,12379.649556
-492.646444,700,12390.916887
-502.988021,700,12401.760916
-344.127231,700,12412.239412
-1145.329161,700,12422.826165
-722.290322,700,12434.24576
-620.529744,700,12444.761931
-676.460215,700,12456.531884
-486.160872,700,12468.291365
-774.033746,700,12480.143116
-1016.214194,700,12492.937214
-730.839558,700,12518.235212
-598.316771,700,12530.883895
-615.206298,700,12544.502605
-883.12103,700,12557.074115
104.668494,217,12561.148529
-437.802158,700,12574.106025
-770.118765,612,12585.574848
-393.390193,700,12597.709493
-910.165105,700,12610.04713
-843.337151,700,12622.574365
-562.968906,700,12634.757436
-1079.385316,700,12646.846595
-646.060347,700,12658.768182
-868.08361,700,12670.760956
-397.691942,700,12682.594774
-686.218474,700,12695.234941
-518.02476,700,12707.162166
-632.371038,700,12719.795277
-696.313114,700,12732.247772
-808.949037,700,12744.099144
-598.408177,700,12756.790231
-933.014935,700,12768.665579
-596.776739,700,12781.321665
-459.093178,406,12788.719121
297.206124,4,12788.810354
-1151.434766,700,12801.050733
-619.81104,700,12813.773174
-445.107102,700,12826.566622
-786.542718,700,12839.546867
-360.719859,700,12851.526509
-654.350955,700,12863.48035
-626.901671,700,12875.519248
-1132.374039,700,12887.716968
-938.605893,700,12899.827016
-643.136378,700,12911.949882
-397.631802,700,12923.932859
-903.034057,700,12936.129797
-835.048324,700,12948.963342
-647.699123,700,12960.87942
-1027.091541,700,12973.417201
-900.675486,700,12985.390452
-622.366776,700,12997.951157
-652.842589,700,13011.282896
-874.476019,700,13023.298887
-851.197563,700,13036.132948
-555.903735,700,13048.863933
-593.685266,700,13061.093798
-810.98526,700,13073.121111
-650.23263,700,13085.256143
-249.750992,68,13086.558249
-508.754246,700,13098.560944
-596.672456,433,13106.653375
-604.347466,495,13115.780448
-987.257671,700,13128.107994
-591.930344,700,13140.156381
-1064.112297,700,13152.182664
-873.773623,700,13164.412294
-731.585175,700,13176.951453
-619.595885,700,13188.716367
-480.504246,347,13195.229931
-212.859262,21,13195.630706
-638.119614,700,13207.6468
-348.117649,180,13211.110992
-661.884868,700,13223.143393
-682.175243,700,13236.059879
-279.283441,108,13238.07814
-220.091432,22,13238.497412
-887.647391,700,13250.59029
-573.773067,434,13258.551395
-649.371262,700,13270.720268
-532.384608,700,13283.246902
-597.088569,700,13296.273869
-731.68981,700,13308.731846
-940.133099,700,13320.770396
-921.168223,700,13332.978542
-503.36769,433,13341.074107
-672.490159,700,13353.378458
-733.241071,700,13365.895514
-716.66321,700,13377.963168
-534.972941,700,13390.940089
34.113065,249,13395.676147
-744.885049,700,13407.633379
-614.741626,700,13420.426227
-447.437756,700,13433.354584
-704.366479,700,13445.691947
-422.437547,700,13458.519362
-315.152683,101,13460.339898
-927.048296,700,13472.621461
-636.667849,457,13480.855903
-1076.110188,700,13492.94993
-611.378383,700,13505.064739
-753.879869,700,13517.864555
-353.140413,700,13529.962369
-560.315988,556,13540.150386
-523.967785,700,13552.232704
-12.188531,461,13560.688816
-883.899424,700,13572.687356
-781.327767,700,13584.697397
-499.571572,700,13597.626869
-942.512894,700,13610.015579
-670.183065,700,13622.038037
-521.472002,700,13634.913298
-599.474593,700,13647.503375
-788.586222,700,13659.508412
-720.467509,700,13671.891664
-646.499864,700,13685.092511
-379.664173,233,13689.51872
-768.371264,700,13701.801284
-915.235535,700,13714.042995
-651.655583,700,13726.713906
-535.107408,700,13739.137448
-727.423955,700,13751.258566
-673.812079,513,13760.631871
-833.036807,700,13772.856271
-744.172226,630,13784.390655
-675.100869,700,13796.565562
-827.189413,700,13809.493599
-690.365686,700,13821.791373
-598.092129,700,13833.853438
-865.745832,700,13846.258884
-594.421847,700,13858.909003
-552.941544,700,13870.951187
-748.732453,700,13883.967218
-312.848331,153,13886.832842
-777.344319,700,13899.247761
-452.334998,700,13911.431398
-1068.831826,700,13923.917488
-844.758023,700,13936.008366
-835.601379,700,13948.108854
-799.343536,663,13960.945625
-752.745704,700,13973.427155
-1109.094347,700,13985.67033
-715.936823,644,13997.781809
-335.185922,700,14009.712444
-965.122093,700,14021.803543
-546.841524,700,14034.94534
-780.023213,700,14046.906317
-385.325342,700,14058.982758
-696.835,700,14071.653518
-581.705608,700,14084.166301
-950.580863,700,14096.174348
-725.205122,700,14108.456604
-582.238404,700,14120.916749
-892.53921,626,14132.579185
-923.407211,700,14144.69525
-687.068975,700,14157.347374
-812.762108,700,14170.064889
-796.112483,700,14182.172735
-710.671446,700,14194.889127
-509.712485,700,14207.581741
-881.779373,700,14220.422199
-845.077084,700,14232.543166
-814.358482,700,14244.518373
-243.980713,58,14245.551269
-664.639458,700,14258.419977
-525.005779,700,14271.224109
-754.306258,700,14283.447013
-864.150105,700,14295.730319
-507.303026,700,14308.289012
-798.102436,700,14320.305344
-555.028807,700,14332.837573
-891.872139,700,14344.898647
-688.37199,700,14357.744427
-846.710714,700,14370.538914
-696.87558,700,14382.47989
-797.968595,700,14394.657773
-1123.193971,700,14406.703144
-633.965999,700,14419.408493
-554.951808,700,14431.785316
-745.365673,700,14444.183493
-360.805151,700,14456.001247
-881.666278,700,14467.955836
-1085.96488,700,14480.014317
-524.973924,700,14492.519018
-192.8019,611,14503.559613
-1090.137401,700,14515.374836
-723.915483,700,14527.190081
-715.097585,700,14539.767471
-610.797303,700,14551.607532
-696.822556,700,14563.856625
-700.559181,700,14576.007662
-450.886357,700,14588.895234
-789.56647,700,14601.009405
-1178.818402,700,14613.015209
-646.427088,700,14625.918611
-893.546149,700,14638.106586
-733.54334,700,14651.029152
-461.020187,700,14663.950177
-663.633909,700,14676.090103
-815.348332,700,14688.673877
60.299944,287,14693.98097
-931.956472,700,14705.91792
-615.08429,700,14718.703257
-768.601796,700,14730.625012
-780.53541,700,14742.473639
111.331501,242,14746.834992
-714.635273,700,14758.685161
288.311699,9,14758.85
-1045.529375,700,14770.852949
-430.350923,700,14783.695739
-563.731665,700,14795.770623
-667.784698,700,14807.495467
224.373092,88,14809.104364
-431.655273,304,14814.553518
-683.863629,683,14827.410954
-906.716901,700,14839.399918
-497.918084,700,14852.17504
-771.246619,700,14864.119032
-866.590867,700,14876.304712
-471.239879,700,14889.104884
-782.628595,700,14901.082207
-208.107322,10,14901.252752
-1093.905674,700,14913.288144
-375.118588,217,14917.349178
-788.087476,582,14927.8778
-307.028181,95,14929.636116
-917.871608,700,14942.136998
-965.415909,700,14954.021987
-1114.289809,700,14965.92587
-856.865956,700,14978.059073
-938.410828,700,14989.930979
-823.684186,697,15003.000438
-828.338662,700,15015.544371
233.683213,63,15016.700551
-659.166483,700,15028.857972
-228.724505,25,15029.313874
-681.69445,700,15042.668439
48.009553,234,15047.222583
-1051.555597,700,15059.600224
-633.944066,700,15071.433528
-491.197111,302,15077.242592
-360.359371,700,15089.179375
-319.552131,143,15091.888018
-977.437469,700,15103.84807
154.70454,193,15107.421275
-421.646049,700,15120.748177
-583.146962,700,15132.733984
-635.627582,442,15140.931494
-720.103669,700,15153.310058
-465.309664,700,15166.118792
-892.651117,700,15178.413454
-969.227178,700,15190.427221
-803.746294,700,15202.487107
-587.077665,700,15214.401471
-805.659411,700,15226.608537
-468.564394,700,15239.429492
-460.996231,700,15252.498527
-614.685662,700,15264.738496
-531.352311,700,15277.245228
-769.986334,700,15289.268577
-243.764868,46,15290.10623
-687.768138,700,15302.735399
-765.151414,700,15315.219372
-882.56489,700,15328.360552
-536.538399,316,15333.74176
-532.668556,700,15345.984884
-631.546006,663,15358.573103
-649.205386,700,15371.786497
-1183.721111,700,15384.227267
-737.89858,700,15396.810671
-630.518032,700,15410.003242
-629.047609,700,15422.823662
-716.680866,700,15434.844197
-574.476345,700,15447.505398
-276.600321,97,15449.304212
-601.677976,700,15462.323559
-580.949254,700,15474.397187
-592.522489,700,15486.451916
-663.971849,700,15499.068928
-952.53665,700,15511.27835
-425.343931,294,15516.890119
-626.444894,700,15530.041772
-452.048491,700,15542.112045
-467.37039,700,15554.644106
-738.634014,700,15566.976166
-210.536767,13,15567.196445
-509.830443,700,15580.551379
-445.445771,264,15585.521198
-915.517891,700,15597.670136
-953.862699,700,15610.014181
225.939295,110,15611.96321
-537.697365,700,15623.967519
-549.761329,416,15631.865092
-464.846352,700,15644.965667
-410.687056,700,15656.872068
-605.144605,700,15668.788482
-736.104797,700,15680.944137
-212.952645,24,15681.371543
-720.910901,700,15693.51319
-236.776229,48,15694.313658
-845.533479,700,15706.382978
-727.921813,700,15719.583903
-574.185315,700,15732.651983
-466.250044,700,15745.838358
-675.586624,700,15759.162624
-973.853878,700,15771.097242
236.190012,72,15772.446596
-800.346559,700,15784.632276
-671.149762,700,15797.547446
-747.82824,700,15810.899934
-487.304996,700,15823.964101
-329.751302,158,15826.932828
-444.335462,700,15839.902891
-576.178863,700,15851.732718
-809.709278,700,15864.577218
-248.34057,72,15865.78611
-207.193255,12,15866.014023
-522.642441,700,15877.840625
-210.957413,11,15878.028006
288.729368,18,15878.384367
-646.99206,700,15890.916545
-297.309821,120,15893.144419
-578.061459,700,15904.979408
-605.431044,700,15916.712879
-637.804495,700,15928.918304
-388.135242,700,15941.664262
-665.604532,700,15954.480219
-396.225051,211,15958.536002
-688.121663,700,15970.552083
-508.61946,700,15983.752934
-549.937628,700,15996.270552
-484.05266,700,16008.27705
-454.948237,700,16021.346562
-853.393426,542,16031.958346
